new jersey is sometimes quiet during autumn , and it is snowy in april .
the united states is usually chilly during july , and it is usually freezing in november .
california is usually quiet during march , and it is usually hot in june .
the united states is sometimes mild during june , and it is cold in september .
your least liked fruit is the grape , but my least liked is the apple .
his favorite fruit is the orange , but my favorite is the grape .
paris is relaxing during december , but it is usually chilly in july .
new jersey is busy during spring , and it is never hot in march .
our least liked fruit is the lemon , but my least liked is the grape .
the united states is sometimes busy during january , and it is sometimes warm in november .
the lime is her least liked fruit , but the banana is my least liked .
he saw a old yellow truck .
india is rainy during june , and it is sometimes warm in november .
that cat was my most loved animal .
"he dislikes grapefruit , limes , and lemons" .
her least liked fruit is the lemon , but his least liked is the grapefruit .
california is never cold during february , but it is sometimes freezing in june .
china is usually pleasant during autumn , and it is usually quiet in october .
paris is never freezing during november , but it is wonderful in october .
the united states is never rainy during january , but it is sometimes mild in october .
china is usually pleasant during november , and it is never quiet in october .
the united states is never nice during february , but it is sometimes pleasant in april .
india is never busy during autumn , and it is mild in spring .
paris is mild during summer , but it is usually busy in april .
france is never cold during september , and it is snowy in october .
california is never cold during may , and it is sometimes chilly in march .
he dislikes lemons , grapes , and mangoes.
their favorite fruit is the mango , but our favorite is the pear .
france is sometimes quiet during may , and it is never chilly in august .
paris is never pleasant during september , and it is beautiful in autumn .
he dislikes apples , peaches , and grapes .
california is usually freezing during december , and it is busy in april .
your most feared animal is that shark .
paris is usually wet during august , and it is never dry in november .
paris is usually beautiful during september , and it is usually snowy in november .
the united states is never wet during january , but it is usually hot in october .
we like oranges , mangoes , and grapes .
they like pears , apples , and mangoes .
she dislikes that little red truck .
the grapefruit is my most loved fruit , but the banana is her most loved .
france is snowy during may , and it is never busy in autumn .
china is usually mild during winter , but it is never busy in february .
china is never nice during july , but it is usually snowy in spring .
california is busy during november , but it is rainy in autumn .
china is warm during spring , and it is sometimes cold in february .
california is usually beautiful during winter , but it is never busy in february .
france is wonderful during november , but it is sometimes hot in september .
india is usually pleasant during november , but it is never relaxing in july .
the united states is never freezing during autumn , but it is never busy in june .
paris is sometimes warm during june , but it is usually hot in july .
paris is never hot during summer , and it is usually mild in winter .
she disliked a rusty yellow car .
france is usually quiet during november , but it is sometimes warm in february .
new jersey is never wet during november , and it is mild in august .
we like peaches , pears , and strawberries .
the orange is her least liked fruit , but the grapefruit is their least liked .
china is never rainy during november , and it is quiet in january .
china is relaxing during march , but it is sometimes snowy in september .
paris is wonderful during march , but it is usually pleasant in june .
new jersey is chilly during autumn , and it is sometimes pleasant in spring .
california is never freezing during october , but it is usually quiet in june .
new jersey is freezing during winter , but it is sometimes wonderful in january .
i like grapes , pears , and strawberries .
the lemon is my most loved fruit , but the strawberry is our most loved .
china is usually dry during march , but it is nice in november .
paris is pleasant during december , but it is never nice in november .
china is freezing during july , but it is relaxing in january .
the apple is our least favorite fruit , but the orange is her least favorite .
he dislikes grapes , grapefruit , and bananas.
he dislikes apples , mangoes , and strawberries .
china is hot during july , but it is never pleasant in january .
india is usually dry during april , and it is freezing in february .
she is going to the united states next summer .
france is sometimes rainy during february , and it is usually quiet in spring .
i plan to visit california next may .
california is never wet during november , and it is sometimes pleasant in september .
they like lemons , limes , and grapefruit .
the united states is never beautiful during march , and it is usually relaxing in summer .
elephants were his most feared animals .
the strawberry is their least favorite fruit , but the apple is our least favorite.
they are going to france next june .
he likes strawberries , oranges , and limes .
california is never pleasant during winter , and it is sometimes wonderful in december .
the apple is our least favorite fruit , but the mango is their least favorite .
she likes strawberries , oranges , and bananas .
california is beautiful during january , and it is pleasant in february .
they dislike grapes , mangoes , and limes .
she dislikes lemons , grapes , and oranges .
our least favorite fruit is the banana , but your least favorite is the grape .
california is never cold during december , but it is usually warm in may .
california is never busy during february , and it is usually hot in june .
the united states is sometimes beautiful during november , and it is never rainy in march .
new jersey is sometimes hot during march , and it is beautiful in fall .
the grapefruit is our least favorite fruit , but the orange is your least favorite .
i like grapefruit , limes , and pears .
she dislikes lemons , strawberries , and grapes .
paris is usually chilly during fall , but it is sometimes rainy in july .
she likes mangoes , apples , and bananas .
she is driving the old yellow truck .
we like peaches , mangoes , and oranges .
new jersey is usually quiet during fall , but it is usually warm in april .
california is never rainy during winter , and it is usually mild in summer .
california is sometimes cold during winter , but it is sometimes chilly in autumn .
she likes lemons , pears , and oranges.
we like strawberries , bananas , and oranges .
india is never snowy during september , but it is sometimes dry in spring .
india is sometimes rainy during january , and it is pleasant in february .
paris is never relaxing during march , but it is usually freezing in autumn .
india is chilly during summer , and it is sometimes beautiful in september .
she likes peaches , limes , and mangoes .
india is never chilly during october , but it is usually relaxing in november .
i like peaches , grapes , and lemons .
she likes mangoes , grapefruit , and pears .
the united states is usually dry during winter , but it is sometimes snowy in february .
china is usually nice during april , and it is never snowy in august .
she dislikes oranges and grapefruit .
paris is sometimes wonderful during autumn , and it is warm in november .
the grapefruit is her least favorite fruit , but the banana is their least favorite .
the grapefruit is his least liked fruit , but the grape is my least liked.
paris is never busy during summer , but it is never freezing in november .
china is sometimes pleasant during march , but it is usually nice in may .
india is sometimes cold during march , but it is sometimes hot in january .
new jersey is rainy during june , and it is sometimes nice in november .
the strawberry is his least favorite fruit , but the peach is our least favorite .
paris is usually snowy during winter , and it is sometimes beautiful in august .
france is never chilly during march , and it is wet in april .
their least liked fruit is the banana , but her least liked is the peach .
china is cold during fall , but it is usually relaxing in november .
new jersey is usually beautiful during april , and it is never relaxing in december .
he dislikes grapefruit , mangoes , and lemons .
new jersey is usually freezing during november , but it is usually relaxing in autumn .
the strawberry is my most loved fruit , but the lemon is her most loved.
paris is sometimes pleasant during autumn , and it is wonderful in september .
her most loved fruit is the lemon , but your most loved is the mango .
the mango is your least liked fruit , but the apple is his least liked .
the pear is my most loved fruit , but the lemon is his most loved .
he drives a new blue car .
the united states is warm during spring , but it is wet in august .
paris is usually freezing during october , and it is usually nice in april .
the peach is your most loved fruit , but the banana is my most loved .
you like grapes , peaches , and strawberries .
new jersey is sometimes nice during winter , but it is hot in spring .
paris is usually beautiful during september , but it is usually busy in spring .
china is usually snowy during autumn , but it is usually hot in may .
that bird is her most feared animal .
she dislikes apples , peaches , and bananas .
i plan to visit california next october .
you like limes , bananas , and grapefruit.
paris is never quiet during spring , but it is usually hot in march .
paris is rainy during winter , and it is sometimes warm in april .
you like pears , grapefruit , and limes .
paris is warm during january , and it is rainy in october .
france is sometimes quiet during december , and it is never snowy in january .
paris is sometimes relaxing during summer , but it is usually mild in november .
she likes bananas and grapes .
the lime is her least liked fruit , but the orange is his least liked .
california is never hot during fall , but it is usually relaxing in april .
new jersey is busy during december , and it is usually mild in august .
china is never mild during april , and it is sometimes wet in spring .
the united states is never snowy during february , and it is usually pleasant in autumn .
india is never dry during january , and it is never hot in february .
paris is usually wonderful during autumn , and it is busy in spring .
he likes pears , peaches , and lemons .
paris is never cold during october , but it is relaxing in january .
you like lemons , grapes , and bananas .
she drives that little red truck .
new jersey is pleasant during fall , and it is usually freezing in winter .
paris is usually rainy during december , and it is cold in winter .
california is usually pleasant during september , but it is usually freezing in autumn .
the pear is our least liked fruit , but the orange is their least liked .
india is snowy during spring , and it is never busy in january .
i dislike strawberries , mangoes , and pears .
california is never cold during march , but it is hot in fall .
china is sometimes chilly during march , and it is sometimes quiet in june .
her most loved fruit is the grapefruit , but your most loved is the orange .
the peach is her favorite fruit , but the apple is my favorite .
paris is usually beautiful during may , and it is never wonderful in june .
your least liked fruit is the mango , but our least liked is the grapefruit .
the banana is their favorite fruit , but the grapefruit is your favorite .
the grape is their least liked fruit , but the strawberry is our least liked .
the orange is his least favorite fruit , but the banana is your least favorite .
india is usually quiet during fall , but it is sometimes pleasant in march .
your most loved animals are horses .
i dislike peaches , apples , and strawberries .
paris is sometimes busy during june , and it is never quiet in fall .
i like bananas , lemons , and grapes .
you like apples , grapefruit , and limes .
you dislike peaches , mangoes , and lemons .
we like oranges , mangoes , and bananas .
we dislike grapefruit , mangoes , and grapes .
new jersey is chilly during march , but it is never nice in december .
you dislike bananas , mangoes , and limes .
he dislikes pears , mangoes , and strawberries .
the united states is sometimes rainy during winter , but it is never mild in april .
i dislike grapefruit , lemons , and peaches .
paris is usually nice during june , and it is sometimes quiet in autumn .
you dislike oranges , apples , and grapefruit .
new jersey is sometimes busy during july , and it is sometimes warm in october .
california is sometimes chilly during winter , but it is usually rainy in june .
china is sometimes wet during august , but it is never quiet in october .
paris is hot during spring , but it is usually snowy in june .
the grape is your least favorite fruit , but the banana is his least favorite .
china is never warm during summer , but it is usually quiet in november .
she dislikes strawberries , pears , and limes .
his least favorite animal is the mouse .
he dislikes bananas , mangoes , and apples .
the lemon is our favorite fruit , but the orange is my favorite .
france is usually hot during spring , but it is never pleasant in september .
china is chilly during march , and it is never relaxing in may .
france is sometimes mild during november , and it is sometimes busy in spring .
california is usually mild during fall , but it is never chilly in september .
paris is never wonderful during september , and it is hot in july .
we dislike peaches , limes , and oranges .
the apple is your least liked fruit , but the strawberry is their least liked .
the united states is sometimes wonderful during autumn , but it is usually wet in june .
he went to the united states last spring .
france is wet during fall , and it is never relaxing in june .
i like oranges , grapes , and pears .
he was driving the little yellow car .
i dislike limes , apples , and peaches.
the united states is snowy during march , but it is sometimes quiet in december .
india is quiet during august , and it is usually mild in january .
the united states is never freezing during november , but it is sometimes rainy in winter .
india is relaxing during fall , and it is wonderful in march .
the strawberry is your favorite fruit , but the peach is our favorite.
new jersey is sometimes rainy during fall , but it is freezing in spring .
the banana is your least liked fruit , but the mango is my least liked .
france is usually pleasant during may , and it is never hot in winter .
the mango is our least liked fruit , but the banana is his least liked .
india is usually warm during april , but it is usually busy in august .
the orange is his favorite fruit , but the strawberry is our favorite .
you like grapes , limes , and mangoes .
that horse is your least favorite animal .
she dislikes bananas , oranges , and grapefruit .
we dislike oranges , grapefruit , and bananas .
paris is usually quiet during autumn , but it is usually snowy in march .
she likes apples , mangoes , and oranges .
he dislikes the old red automobile .
dogs are your least favorite animals .
she was driving the little white car .
the united states is sometimes busy during spring , and it is usually mild in november .
california is sometimes freezing during september , and it is never warm in spring .
china is snowy during august , but it is never beautiful in january .
our most loved fruit is the orange , but their most loved is the lemon .
your least liked fruit is the grape , but his least liked is the orange .
india is sometimes quiet during december , but it is never nice in winter .
she dislikes oranges , grapes , and lemons .
new jersey is never busy during november , and it is never cold in march .
my least favorite fruit is the lime , but her least favorite is the pear .
the grape is your least favorite fruit .
france is sometimes freezing during may , and it is never wet in august .
his favorite animals were horses .
paris is never snowy during december , and it is never wet in february .
india is sometimes pleasant during january , but it is never mild in october .
new jersey is cold during december , but it is never warm in february .
the lime is our favorite fruit , but the lemon is her favorite.
he likes peaches , oranges , and lemons .
the united states is never warm during january , and it is rainy in september .
the united states is pleasant during june , but it is sometimes warm in summer .
the grapefruit is their least liked fruit , but the mango is her least liked .
she is going to china next june .
he likes strawberries , apples , and grapes .
china is sometimes busy during july , and it is usually quiet in march .
we dislike bananas , lemons , and mangoes .
california is never busy during december , but it is usually hot in fall .
france is usually relaxing during winter , but it is usually mild in july .
new jersey is usually hot during autumn , and it is never quiet in winter .
paris is never nice during september , and it is sometimes cold in march .
new jersey is sometimes wet during september , but it is usually beautiful in august .
the united states is sometimes rainy during march , and it is never hot in autumn .
the elephant is his most loved animal .
india is usually hot during october , and it is usually wet in june .
their least favorite fruit is the peach , but your least favorite is the banana .
paris is sometimes beautiful during september , but it is sometimes wet in march .
california is hot during october , and it is usually pleasant in march .
he likes grapes and lemons.
new jersey is beautiful during march , but it is busy in winter .
china is never wonderful during november , but it is sometimes quiet in spring .
the united states is usually freezing during autumn , but it is usually dry in june .
the peach is my least favorite fruit , but the grape is their least favorite .
he dislikes apples , limes , and pears .
paris is usually cold during summer , and it is sometimes dry in winter .
paris is hot during may , and it is never pleasant in august .
his favorite fruit is the grapefruit , but my favorite is the mango.
the united states is sometimes pleasant during july , but it is sometimes dry in june .
the grape is our least liked fruit , but the strawberry is her least liked .
california is never quiet during september , and it is sometimes mild in december .
the lime is her least favorite fruit , but the peach is your least favorite .
the united states is never mild during august , but it is never beautiful in winter .
new jersey is never freezing during february , and it is usually cold in summer .
the strawberry is their least liked fruit , but the apple is our least liked.
india is never beautiful during spring , but it is usually freezing in february .
the grape is our least liked fruit , but the grapefruit is his least liked .
i plan to visit france in spring .
new jersey is never nice during february , but it is chilly in spring .
she saw that new yellow truck .
she likes grapes , apples , and grapefruit.
that cat was your favorite animal .
the united states is sometimes snowy during march , and it is usually cold in october .
the united states is sometimes beautiful during april , but it is usually busy in october .
california is beautiful during september , but it is wonderful in august .
her most loved fruit is the apple , but their most loved is the grape .
he likes grapes and apples.
california is chilly during january , but it is never busy in spring .
she dislikes bananas , grapefruit , and mangoes .
you dislike bananas , peaches , and limes .
california is never warm during march , but it is sometimes relaxing in may .
paris is mild during december , but it is dry in winter .
our most loved fruit is the grapefruit , but their most loved is the pear .
france is sometimes chilly during june , but it is sometimes wet in november .
paris is sometimes quiet during may , but it is usually dry in january .
our most loved fruit is the strawberry , but his most loved is the mango.
our least liked fruit is the grape , but her least liked is the grapefruit .
their favorite fruit is the apple , but his favorite is the strawberry .
my least liked fruit is the pear , but her least liked is the mango .
we like peaches , grapes , and apples .
france is never wet during september , but it is usually mild in december .
the lemon is your least liked fruit , but the peach is his least liked .
new jersey is cold during february , and it is never hot in winter .
the united states is never freezing during november , but it is sometimes cold in fall .
france is usually quiet during august , but it is usually chilly in february .
california is pleasant during january , but it is usually chilly in april .
they like grapes , peaches , and strawberries .
china is never wonderful during april , but it is sometimes wet in march .
i dislike peaches , mangoes , and oranges .
your favorite fruit is the strawberry , but our favorite is the banana.
she likes bananas , strawberries , and grapes .
his least favorite fruit is the grapefruit , but our least favorite is the peach.
india is nice during december , but it is sometimes warm in january .
the orange is their least favorite fruit , but the lime is his least favorite .
the mango is their most loved fruit , but the pear is my most loved .
india is never wet during august , but it is sometimes hot in winter .
new jersey is sometimes hot during winter , and it is never nice in fall .
he is driving the old black car .
paris is never cold during january , but it is sometimes snowy in november .
the grape is my favorite fruit , but the peach is his favorite.
france is snowy during july , but it is beautiful in june .
paris is never busy during february , and it is never cold in august .
california is sometimes relaxing during april , but it is sometimes dry in autumn .
india is relaxing during february , but it is never rainy in june .
california is usually chilly during may , and it is sometimes dry in july .
china is never busy during september , but it is rainy in october .
new jersey is busy during august , and it is relaxing in december .
i think it is difficult to translate between spanish and portuguese .
india is busy during april , but it is sometimes dry in fall .
france is busy during august , and it is nice in february .
their favorite fruit is the orange , but my favorite is the grapefruit .
paris is sometimes rainy during winter , but it is chilly in fall .
india is usually beautiful during july , but it is cold in autumn .
the pear is your least liked fruit , but the lemon is my least liked .
her least favorite fruit is the banana , but your least favorite is the grapefruit .
france is sometimes quiet during november , but it is warm in february .
new jersey is rainy during summer , but it is sometimes mild in february .
new jersey is never rainy during autumn , but it is never pleasant in march .
france is never snowy during october , and it is sometimes wet in april .
the lime is her least liked fruit , but the grape is our least liked .
she is driving the rusty blue truck .
paris is usually beautiful during july , and it is sometimes chilly in may .
france is never busy during autumn , but it is quiet in january .
india is never quiet during january , but it is sometimes freezing in december .
new jersey is sometimes wet during october , but it is mild in summer .
china is never chilly during february , and it is sometimes wonderful in november .
the united states is quiet during fall , but it is usually freezing in may .
california is never busy during fall , but it is sometimes wet in april .
they dislike pears , grapes , and bananas .
he liked a big green automobile .
new jersey is sometimes quiet during winter , and it is never hot in spring .
new jersey is sometimes beautiful during march , but it is usually wonderful in summer .
they dislike mangoes , grapes , and strawberries.
the united states is never beautiful during november , and it is never quiet in july .
i think translating between spanish and portuguese is fun .
the banana is our favorite fruit , but the lemon is your favorite .
paris is sometimes snowy during january , and it is usually hot in april .
their least favorite fruit is the mango , but her least favorite is the peach .
new jersey is never cold during september , and it is sometimes quiet in july .
china is usually wonderful during october , and it is usually dry in june .
she saw that rusty white car .
france is wonderful during december , but it is sometimes freezing in winter .
the united states is relaxing during november , and it is sometimes snowy in winter .
your least favorite fruit is the banana , but our least favorite is the strawberry .
she saw the new green truck .
the strawberry is your most loved fruit , but the lemon is his most loved.
new jersey is never busy during october , but it is cold in september .
they like mangoes , limes , and grapes.
the pear is her least liked fruit , but the orange is their least liked .
china is usually freezing during february , but it is never snowy in summer .
your most loved fruit is the peach , but my most loved is the mango .
he likes that big blue truck .
new jersey is sometimes relaxing during february , but it is never wet in october .
new jersey is snowy during march , but it is sometimes wonderful in november .
india is usually quiet during june , but it is never snowy in december .
the united states is cold during july , but it is sometimes rainy in may .
she is driving the little white truck .
my most loved animal was that bird .
my least liked fruit is the grapefruit , but our least liked is the orange .
paris is busy during may , and it is usually rainy in november .
the grape is my favorite fruit , but the lime is our favorite.
paris is dry during march , and it is never quiet in august .
china is relaxing during january , but it is sometimes beautiful in spring .
india is pleasant during winter , but it is usually quiet in july .
paris is usually quiet during march , but it is never wonderful in autumn .
california is usually warm during june , and it is usually pleasant in july .
paris is sometimes wet during may , and it is never pleasant in spring .
the lemon is your most loved fruit , but the peach is his most loved .
he likes strawberries , pears , and oranges .
the orange is your least liked fruit , but the grapefruit is their least liked .
his favorite fruit is the grape , but our favorite is the lemon.
she dislikes lemons , mangoes , and bananas .
india is never wet during fall , but it is sometimes warm in january .
paris is sometimes freezing during august , and it is never wet in spring .
the united states is wonderful during march , but it is never snowy in january .
the lime is her least liked fruit , but the strawberry is my least liked .
she drives that big blue automobile .
i like limes , apples , and mangoes.
india is pleasant during october , and it is never nice in summer .
france is rainy during january , but it is never wonderful in fall .
france is never rainy during may , but it is nice in october .
she drives the big blue automobile .
france is pleasant during july , but it is usually dry in december .
they dislike pears , mangoes , and grapes .
india is usually wonderful during spring , but it is usually dry in august .
he is driving a big green truck .
paris is sometimes cold during march , but it is usually snowy in autumn .
your favorite fruit is the grape , but their favorite is the grapefruit.
the orange is my most loved fruit , but the grapefruit is their most loved .
india is never snowy during november , and it is usually busy in december .
california is usually wonderful during november , but it is sometimes cold in may .
india is beautiful during november , and it is usually freezing in autumn .
the orange is their favorite fruit , but the mango is his favorite .
you dislike mangoes , lemons , and grapes.
california is never chilly during august , and it is usually nice in autumn .
where is the united states ?
new jersey is dry during spring , and it is never relaxing in march .
paris is never relaxing during june , but it is sometimes nice in august .
china is usually nice during autumn , but it is usually warm in october .
the dog is her favorite animal .
paris is sometimes freezing during spring , and it is warm in fall .
california is sometimes rainy during september , but it is wonderful in may .
they dislike lemons , apples , and grapefruit .
the united states is usually pleasant during may , and it is rainy in summer .
the united states is relaxing during spring , and it is nice in september .
the banana is their least liked fruit , but the peach is my least liked .
the united states is usually rainy during spring , but it is sometimes beautiful in summer .
china is usually hot during autumn , and it is sometimes pleasant in fall .
new jersey is usually relaxing during november , and it is usually mild in october .
they dislike bananas , mangoes , and limes .
she saw the new white truck .
the orange is their least liked fruit , but the strawberry is his least liked .
he likes bananas , grapes , and apples .
she disliked a little blue truck .
she dislikes strawberries , apples , and mangoes .
she dislikes lemons , oranges , and mangoes .
their most loved fruit is the grapefruit , but your most loved is the grape .
india is usually cold during spring , and it is usually dry in august .
she likes apples , grapes , and bananas .
china is snowy during fall , but it is cold in september .
india is sometimes mild during autumn , and it is usually wet in september .
china is sometimes snowy during december , and it is chilly in november .
why are they going to new jersey ?
france is usually chilly during august , but it is never quiet in june .
the lemon is his most loved fruit , but the lime is your most loved .
the united states is nice during december , and it is usually rainy in autumn .
france is never busy during december , and it is never warm in summer .
france is sometimes snowy during summer , and it is sometimes relaxing in november .
paris is never wet during fall , and it is sometimes nice in summer .
california is usually dry during february , and it is sometimes chilly in autumn .
paris is wonderful during may , and it is dry in spring .
china is nice during fall , but it is never dry in september .
china is sometimes wonderful during winter , and it is relaxing in october .
she likes pears , grapes , and apples .
california is pleasant during summer , and it is usually nice in january .
france is quiet during february , but it is sometimes beautiful in september .
he likes pears , strawberries , and mangoes .
he drives the rusty white automobile .
india is sometimes mild during august , and it is usually snowy in april .
india is usually hot during december , but it is sometimes wonderful in february .
the mango is my least liked fruit , but the pear is his least liked .
france is cold during september , but it is hot in july .
new jersey is warm during october , but it is never hot in autumn .
china is never relaxing during october , but it is usually mild in july .
india is usually warm during november , and it is nice in june .
france is usually snowy during autumn , but it is never chilly in summer .
our least favorite fruit is the strawberry , but their least favorite is the banana.
she might go to paris next april .
she drives that rusty yellow truck .
china is relaxing during summer , and it is never quiet in february .
paris is pleasant during january , and it is sometimes cold in spring .
she dislikes limes , strawberries , and grapefruit.
california is never mild during october , and it is rainy in february .
china is never mild during spring , and it is wet in winter .
the mango is her least liked fruit , but the orange is his least liked .
paris is sometimes hot during summer , but it is never mild in january .
he dislikes mangoes , strawberries , and grapes .
their least favorite fruit is the grapefruit , but our least favorite is the pear .
california is never snowy during april , and it is usually busy in july .
the united states is cold during july , but it is sometimes pleasant in spring .
china is wet during july , and it is quiet in october .
paris is beautiful during winter , but it is never busy in november .
the united states is sometimes wonderful during spring , and it is never quiet in october .
the united states is never rainy during february , but it is pleasant in spring .