"Le New Jersey est parfois calme à l'automne, et il est enneigé en avril."
"Les États-Unis sont généralement froids en juillet, et il se congente généralement en novembre."
"La Californie est généralement silencieuse en mars, et il fait généralement chaud en juin."
Les États-Unis sont parfois doux en juin et il fait froid en septembre.
"Votre fruit le moins aimé est le raisin, mais mon moins aimé est la pomme."
"Son fruit préféré est l'orange, mais mon préféré est le raisin."
"Paris est relaxant en décembre, mais il fait généralement froid en juillet."
"Le New Jersey est occupé au printemps, et il n'est jamais chaud en mars."
"Notre fruit le moins aimé est le citron, mais mon le moins aimé est le raisin."
"Les États-Unis sont parfois occupés en janvier, et il fait parfois chaud en novembre."
"Le citron vert est son fruit le moins aimé, mais la banane est la moins appréciée."
Il a vu un vieux camion jaune.
"L'Inde a des pluies en juin, et il fait parfois chaud en novembre."
Ce chat était mon animal le plus aimé.
"Il n'aime pas le pamplemousse, les limes et les citrons."
"Son fruit le moins aimé est le citron, mais son moins aimé est le pamplemousse."
"La Californie n'est jamais froide en février, mais elle est parfois gelée en juin."
"La Chine est généralement agréable à l'automne, et elle est généralement calme en octobre."
"Paris ne gèle jamais en novembre, mais c'est merveilleux en octobre."
"Les États-Unis ne sont jamais pluvieux en janvier, mais il est parfois doux en octobre."
"La Chine est généralement agréable en novembre, et elle n'est jamais calme en octobre."
"Les États-Unis ne sont jamais gentils en février, mais c'est parfois agréable en avril."
"L'Inde n'est jamais occupée à l'automne, et elle est douce au printemps."
"Paris est doux pendant l'été, mais il est généralement occupé en avril."
La France n'a jamais froid en septembre et elle est enneigée en octobre.
"La Californie n'est jamais froide en mai, et il fait parfois froid en mars."
"Il n'aime pas les citrons, les raisins et les mangues."
"Leur fruit préféré est la mangue, mais notre préféré est la poire."
"La France est parfois silencieuse en mai, et elle n'est jamais froide en août."
"Paris n'est jamais agréable en septembre, et c'est beau en automne."
"Il n'aime pas les pommes, les pêches et les raisins."
La Californie est généralement gelée en décembre et elle est occupée en avril.
Votre animal le plus redouté est ce requin.
"Paris est généralement mouillé en août, et il n'est jamais sec en novembre."
"Paris est généralement beau en septembre, et il est généralement enneigé en novembre."
"Les États-Unis ne sont jamais mouillés en janvier, mais il fait généralement chaud en octobre."
"Nous aimons les oranges, les mangues et les raisins."
"Ils aiment les poires, les pommes et les mangues."
Elle n'aime pas ce petit camion rouge.
"Le pamplemousse est mon fruit le plus aimé, mais la banane est sa plus aimée."
"La France est enneigée en mai, et elle n'est jamais occupée en automne."
"La Chine est généralement douce en hiver, mais elle n'est jamais occupée en février."
"La Chine n'est jamais gentille en juillet, mais elle est généralement enneigée au printemps."
"La Californie est occupée en novembre, mais il est pluvieux en automne."
"La Chine est chaude au printemps, et il fait parfois froid en février."
"La Californie est généralement belle en hiver, mais elle n'est jamais occupée en février."
"La France est merveilleuse en novembre, mais il fait parfois chaud en septembre."
"L'Inde est généralement agréable en novembre, mais elle ne se détend jamais en juillet."
"Les États-Unis ne gèle jamais à l'automne, mais il n'est jamais occupé en juin."
"Paris est parfois chaud en juin, mais il fait généralement chaud en juillet."
"Paris n'est jamais chaud pendant l'été, et il est généralement doux en hiver."
Elle n'aimait pas une voiture jaune rouillée.
"La France est généralement silencieuse en novembre, mais il fait parfois chaud en février."
Le New Jersey n'est jamais mouillé en novembre et il est doux en août.
"Nous aimons les pêches, les poires et les fraises."
"L'orange est son fruit le moins aimé, mais le pamplemousse est le moins aimé."
"La Chine n'a jamais eu de pluie en novembre, et elle est calme en janvier."
"La Chine est relaxante en mars, mais elle est parfois enneigée en septembre."
"Paris est merveilleux en mars, mais c'est généralement agréable en juin."
"Le New Jersey est froid en automne, et c'est parfois agréable au printemps."
"La Californie ne gèle jamais en octobre, mais elle est généralement calme en juin."
"Le New Jersey est gelé pendant l'hiver, mais c'est parfois merveilleux en janvier."
"J'aime les raisins, les poires et les fraises."
"Le citron est mon fruit le plus aimé, mais la fraise est notre plus appréciée."
"La Chine est généralement sèche en mars, mais c'est bien en novembre."
"Paris est agréable en décembre, mais ce n'est jamais gentil en novembre."
"La Chine est gelée en juillet, mais elle est relaxante en janvier."
"La pomme est notre fruit le moins préféré, mais l'orange est sa moins préférée."
"Il n'aime pas les raisins, le pamplemousse et les bananes."
"Il n'aime pas les pommes, les mangues et les fraises."
"La Chine est chaude en juillet, mais elle n'est jamais agréable en janvier."
"L'Inde est généralement sèche en avril, et il est gelé en février."
Elle va aux États-Unis l'été prochain.
"La France a parfois des pluies en février, et elle est généralement calme au printemps."
J'ai l'intention de visiter la Californie en mai prochain.
"La Californie n'est jamais mouillée en novembre, et c'est parfois agréable en septembre."
"Ils aiment les citrons, les limes et le pamplemousse."
"Les États-Unis ne sont jamais beaux en mars, et il est généralement relaxant en été."
Les éléphants étaient ses animaux les plus redoutés.
"La fraise est leur fruit le moins préféré, mais la pomme est la moins préférée."
Ils vont en France en juin prochain.
"Il aime les fraises, les oranges et les limes."
"La Californie n'est jamais agréable en hiver, et c'est parfois merveilleux en décembre."
"La pomme est notre fruit le moins préféré, mais la mangue est la moins préférée."
"Elle aime les fraises, les oranges et les bananes."
"La Californie est belle en janvier, et c'est agréable en février."
"Ils n'aiment pas les raisins, les mangues et les limes."
"Elle n'aime pas les citrons, les raisins et les oranges."
"Notre fruit le moins préféré est la banane, mais votre moins préféré est le raisin."
"La Californie n'est jamais froide en décembre, mais il fait généralement chaud en mai."
"La Californie n'est jamais occupée en février, et il fait généralement chaud en juin."
"Les États-Unis sont parfois beaux en novembre, et il ne fait jamais de pluie en mars."
"Le New Jersey est parfois chaud en mars, et c'est magnifique à l'automne."
"Le pamplemousse est notre fruit le moins préféré, mais l'orange est votre préférée."
"J'aime le pamplemousse, les limes et les poires."
"Elle n'aime pas les citrons, les fraises et les raisins."
"Paris est généralement froide à l'automne, mais il est parfois pluvieux en juillet."
"Elle aime les mangues, les pommes et les bananes."
Elle conduit le vieux camion jaune.
"Nous aimons les pêches, les mangues et les oranges."
"Le New Jersey est généralement calme à l'automne, mais il fait généralement chaud en avril."
"La Californie n'a jamais de pluie pendant l'hiver, et elle est généralement douce en été."
"La Californie est parfois froide pendant l'hiver, mais elle est parfois froide en automne."
"Elle aime les citrons, les poires et les oranges."
"Nous aimons les fraises, les bananes et les oranges."
"L'Inde n'est jamais enneigée en septembre, mais elle est parfois sèche au printemps."
"L'Inde a parfois des pluies en janvier, et c'est agréable en février."
"Paris ne se détend jamais en mars, mais il est généralement gelé en automne."
"L'Inde est fraîche pendant l'été, et c'est parfois magnifique en septembre."
"Elle aime les pêches, les limes et les mangues."
"L'Inde n'est jamais froide en octobre, mais elle est généralement relaxante en novembre."
"J'aime les pêches, les raisins et les citrons."
"Elle aime les mangues, le pamplemousse et les poires."
"Les États-Unis sont généralement secs en hiver, mais il est parfois enneigé en février."
"La Chine est généralement agréable en avril, et elle n'est jamais enneigée en août."
Elle n'aime pas les oranges et le pamplemousse.
"Paris est parfois merveilleux à l'automne, et il fait chaud en novembre."
"Le pamplemousse est son fruit le moins préféré, mais la banane est la moins préférée."
"Le pamplemousse est son fruit le moins aimé, mais le raisin est le moins aimé."
"Paris n'est jamais occupé pendant l'été, mais il ne gèle jamais en novembre."
"La Chine est parfois agréable en mars, mais c'est généralement agréable en mai."
"L'Inde est parfois froide en mars, mais il fait parfois chaud en janvier."
"Le New Jersey est pluvieux en juin, et c'est parfois agréable en novembre."
"La fraise est son fruit le moins préféré, mais la pêche est la moins préférée."
"Paris est généralement enneigé pendant l'hiver, et c'est parfois beau en août."
"La France n'est jamais froide en mars, et elle est mouillée en avril."
"Leur fruit le moins aimé est la banane, mais son moins aimé est la pêche."
"La Chine est froide à l'automne, mais elle est généralement relaxante en novembre."
"Le New Jersey est généralement beau en avril, et il ne se détend jamais en décembre."
"Il n'aime pas le pamplemousse, les mangues et les citrons."
"Le New Jersey est généralement gelé en novembre, mais il est généralement relaxant en automne."
"La fraise est mon fruit le plus aimé, mais le citron est sa plus aimée."
"Paris est parfois agréable à l'automne, et c'est merveilleux en septembre."
"Son fruit le plus aimé est le citron, mais votre plus aimé est la mangue."
"La mangue est votre fruit le moins aimé, mais la pomme est la moins appréciée."
"La poire est mon fruit le plus aimé, mais le citron est son plus aimé."
Il conduit une nouvelle voiture bleue.
"Les États-Unis sont chauds au printemps, mais il est mouillé en août."
"Paris est généralement gelé en octobre, et c'est généralement agréable en avril."
"La pêche est votre fruit le plus aimé, mais la banane est ma plus aimée."
"Vous aimez les raisins, les pêches et les fraises."
"Le New Jersey est parfois gentil en hiver, mais il fait chaud au printemps."
"Paris est généralement beau en septembre, mais il est généralement occupé au printemps."
"La Chine est généralement enneigée à l'automne, mais il fait généralement chaud en mai."
Cet oiseau est son animal le plus redouté.
"Elle n'aime pas les pommes, les pêches et les bananes."
J'ai l'intention de visiter la Californie en octobre prochain.
"Vous aimez les limes, les bananes et le pamplemousse."
"Paris n'est jamais calme au printemps, mais il fait généralement chaud en mars."
"Paris est pluvieux pendant l'hiver, et il fait parfois chaud en avril."
"Vous aimez les poires, le pamplemousse et les limes."
Paris est chaud en janvier et il a pluvieux en octobre.
"La France est parfois calme en décembre, et elle n'est jamais enneigée en janvier."
"Paris est parfois relaxant pendant l'été, mais il est généralement doux en novembre."
Elle aime les bananes et les raisins.
"La chaux est son fruit le moins aimé, mais l'orange est son moins appréciée."
"La Californie n'est jamais chaude à l'automne, mais elle est généralement relaxante en avril."
Le New Jersey est occupé en décembre et il est généralement doux en août.
"La Chine n'est jamais douce en avril, et elle est parfois mouillée au printemps."
"Les États-Unis ne sont jamais enneigés en février, et il est généralement agréable en automne."
"L'Inde n'est jamais sèche en janvier, et il ne fait jamais chaud en février."
"Paris est généralement merveilleux à l'automne, et il est occupé au printemps."
"Il aime les poires, les pêches et les citrons."
"Paris n'a jamais eu froid en octobre, mais il est relaxant en janvier."
"Vous aimez les citrons, les raisins et les bananes."
Elle conduit ce petit camion rouge.
"Le New Jersey est agréable à l'automne, et il fait généralement un gel en hiver."
"Paris est généralement pluvieux en décembre, et il fait froid en hiver."
"La Californie est généralement agréable en septembre, mais elle glacial en automne."
"La poire est notre fruit le moins aimé, mais l'orange est leur moins aimé."
"L'Inde est enneigée au printemps, et elle n'est jamais occupée en janvier."
"Je n'aime pas les fraises, les mangues et les poires."
"La Californie n'a jamais froid en mars, mais il fait chaud à l'automne."
"La Chine est parfois froide en mars, et elle est parfois calme en juin."
"Son fruit le plus aimé est le pamplemousse, mais votre plus aimé est l'orange."
"La pêche est son fruit préféré, mais la pomme est ma préférée."
"Paris est généralement beau en mai, et ce n'est jamais merveilleux en juin."
"Votre fruit le moins aimé est la mangue, mais notre moins aimé est le pamplemousse."
"La banane est leur fruit préféré, mais le pamplemousse est votre préféré."
"Le raisin est leur fruit le moins aimé, mais la fraise est la moins appréciée."
"L'orange est son fruit le moins préféré, mais la banane est votre préférée."
"L'Inde est généralement silencieuse à l'automne, mais c'est parfois agréable en mars."
Vos animaux les plus aimés sont des chevaux.
"Je n'aime pas les pêches, les pommes et les fraises."
"Paris est parfois occupé en juin, et il n'est jamais calme à l'automne."
"J'aime les bananes, les citrons et les raisins."
"Vous aimez les pommes, le pamplemousse et les limes."
"Vous n'aimez pas les pêches, les mangues et les citrons."
"Nous aimons les oranges, les mangues et les bananes."
"Nous n'aimons pas le pamplemousse, les mangues et les raisins."
"Le New Jersey est froid en mars, mais ce n'est jamais gentil en décembre."
"Vous n'aimez pas les bananes, les mangues et les limes."
"Il n'aime pas les poires, les mangues et les fraises."
"Les États-Unis sont parfois pluvieux pendant l'hiver, mais il n'est jamais doux en avril."
"Je n'aime pas le pamplemousse, les citrons et les pêches."
"Paris est généralement agréable en juin, et il est parfois calme en automne."
"Vous n'aimez pas les oranges, les pommes et le pamplemousse."
"Le New Jersey est parfois occupé en juillet, et il fait parfois chaud en octobre."
"La Californie est parfois froide pendant l'hiver, mais elle est généralement pluvieuse en juin."
"La Chine est parfois mouillée en août, mais elle n'est jamais calme en octobre."
"Paris est chaud au printemps, mais il est généralement enneigé en juin."
"Le raisin est votre fruit le moins préféré, mais la banane est la moins préférée."
"La Chine n'est jamais chaude pendant l'été, mais elle est généralement calme en novembre."
"Elle n'aime pas les fraises, les poires et les limes."
Son animal le moins préféré est la souris.
"Il n'aime pas les bananes, les mangues et les pommes."
"Le citron est notre fruit préféré, mais l'orange est mon préféré."
"La France est généralement chaude au printemps, mais elle n'est jamais agréable en septembre."
"La Chine est fraîche en mars, et elle ne se détend jamais en mai."
"La France est parfois douce en novembre, et elle est parfois occupée au printemps."
"La Californie est généralement douce à l'automne, mais elle n'est jamais froide en septembre."
"Paris n'est jamais merveilleux en septembre, et il fait chaud en juillet."
"Nous n'aimons pas les pêches, les limes et les oranges."
"La pomme est votre fruit le moins aimé, mais la fraise est la moins appréciée."
"Les États-Unis sont parfois merveilleux à l'automne, mais il est généralement mouillé en juin."
Il est allé aux États-Unis au printemps dernier.
"La France est mouillée à l'automne, et elle ne se détend jamais en juin."
"J'aime les oranges, les raisins et les poires."
Il conduisait la petite voiture jaune.
"Je n'aime pas les limes, les pommes et les pêches."
"Les États-Unis sont enneigés en mars, mais il est parfois calme en décembre."
"L'Inde est silencieuse en août, et elle est généralement douce en janvier."
"Les États-Unis ne font jamais de gel en novembre, mais il est parfois pluvieux en hiver."
"L'Inde est relaxante à l'automne, et c'est merveilleux en mars."
"La fraise est votre fruit préféré, mais la pêche est notre préférée."
"Le New Jersey est parfois pluvieux à l'automne, mais il est gelé au printemps."
"La banane est votre fruit le moins aimé, mais la mangue est la moins appréciée."
"La France est généralement agréable en mai, et il ne fait jamais chaud en hiver."
"La mangue est notre fruit le moins aimé, mais la banane est la moins appréciée."
"L'Inde est généralement chaude en avril, mais elle est généralement occupée en août."
"L'orange est son fruit préféré, mais la fraise est notre préférée."
"Vous aimez les raisins, les limes et les mangues."
Ce cheval est votre animal le moins préféré.
"Elle n'aime pas les bananes, les oranges et le pamplemousse."
"Nous n'aimons pas les oranges, le pamplemousse et les bananes."
"Paris est généralement calme à l'automne, mais il est généralement enneigé en mars."
"Elle aime les pommes, les mangues et les oranges."
Il n'aime pas l'ancienne automobile rouge.
Les chiens sont vos animaux les moins préférés.
Elle conduisait la petite voiture blanche.
"Les États-Unis sont parfois occupés au printemps, et il est généralement doux en novembre."
"La Californie est parfois congente en septembre, et il n'est jamais chaud au printemps."
"La Chine est enneigée en août, mais elle n'est jamais belle en janvier."
"Notre fruit le plus aimé est l'orange, mais leur plus aimé est le citron."
"Votre fruit le moins aimé est le raisin, mais son moins aimé est l'orange."
"L'Inde est parfois calme en décembre, mais ce n'est jamais agréable en hiver."
"Elle n'aime pas les oranges, les raisins et les citrons."
"Le New Jersey n'est jamais occupé en novembre, et il ne fait jamais froid en mars."
"Mon fruit le moins préféré est le citron vert, mais sa moins préférée est la poire."
Le raisin est votre fruit le moins préféré.
"La France est parfois congente en mai, et elle n'est jamais mouillée en août."
Ses animaux préférés étaient des chevaux.
"Paris n'est jamais enneigé en décembre, et il n'est jamais mouillé en février."
"L'Inde est parfois agréable en janvier, mais elle n'est jamais douce en octobre."
"Le New Jersey est froid en décembre, mais il n'est jamais chaud en février."
"Le citron vert est notre fruit préféré, mais le citron est son préféré."
"Il aime les pêches, les oranges et les citrons."
Les États-Unis ne sont jamais chauds en janvier et il a pluvieux en septembre.
"Les États-Unis sont agréables en juin, mais il fait parfois chaud en été."
"Le pamplemousse est leur fruit le moins aimé, mais la mangue est la moins aimée."
Elle va en Chine en juin prochain.
"Il aime les fraises, les pommes et les raisins."
"La Chine est parfois occupée en juillet, et elle est généralement calme en mars."
"Nous n'aimons pas les bananes, les citrons et les mangues."
"La Californie n'est jamais occupée en décembre, mais il fait généralement chaud à l'automne."
"La France est généralement relaxante en hiver, mais elle est généralement douce en juillet."
"Le New Jersey est généralement chaud à l'automne, et il n'est jamais calme en hiver."
"Paris n'est jamais gentil en septembre, et il fait parfois froid en mars."
"Le New Jersey est parfois mouillé en septembre, mais il est généralement magnifique en août."
"Les États-Unis sont parfois pluvieux en mars, et il n'est jamais chaud en automne."
L'éléphant est son animal le plus aimé.
"L'Inde est généralement chaude en octobre, et elle est généralement mouillée en juin."
"Leur fruit le moins préféré est la pêche, mais votre moins préféré est la banane."
"Paris est parfois belle en septembre, mais il est parfois mouillé en mars."
"La Californie est chaude en octobre, et c'est généralement agréable en mars."
Il aime les raisins et les citrons.
"Le New Jersey est magnifique en mars, mais il est occupé en hiver."
"La Chine n'est jamais merveilleuse en novembre, mais elle est parfois calme au printemps."
"Les États-Unis se congèrent généralement à l'automne, mais il est généralement sec en juin."
"La pêche est mon fruit le moins préféré, mais le raisin est le moins préféré."
"Il n'aime pas les pommes, les limes et les poires."
"Paris est généralement froid pendant l'été, et il est parfois sec en hiver."
"Paris est chaud en mai, et ce n'est jamais agréable en août."
"Son fruit préféré est le pamplemousse, mais mon préféré est la mangue."
"Les États-Unis sont parfois agréables en juillet, mais il est parfois sec en juin."
"Le raisin est notre fruit le moins aimé, mais la fraise est la moins aimée."
"La Californie n'est jamais silencieuse en septembre, et elle est parfois douce en décembre."
"Le citron vert est son fruit le moins préféré, mais la pêche est votre moins préférée."
"Les États-Unis ne sont jamais doux en août, mais il n'est jamais beau en hiver."
"Le New Jersey ne gèle jamais en février, et il fait généralement froid en été."
"La fraise est leur fruit le moins aimé, mais la pomme est la moins appréciée."
"L'Inde n'est jamais belle au printemps, mais elle glacial en février."
"Le raisin est notre fruit le moins aimé, mais le pamplemousse est le moins aimé."
J'ai l'intention de visiter la France au printemps.
"Le New Jersey n'est jamais gentil en février, mais il fait froid au printemps."
Elle a vu ce nouveau camion jaune.
"Elle aime les raisins, les pommes et le pamplemousse."
Ce chat était votre animal préféré.
"Les États-Unis sont parfois enneigés en mars, et il fait généralement froid en octobre."
"Les États-Unis sont parfois beaux en avril, mais il est généralement occupé en octobre."
"La Californie est belle en septembre, mais c'est merveilleux en août."
"Son fruit le plus aimé est la pomme, mais leur plus aimé est le raisin."
Il aime les raisins et les pommes.
"La Californie fait froid en janvier, mais elle n'est jamais occupée au printemps."
"Elle n'aime pas les bananes, le pamplemousse et les mangues."
"Vous n'aimez pas les bananes, les pêches et les limes."
"La Californie n'est jamais chaude en mars, mais elle est parfois relaxante en mai."
"Paris est doux en décembre, mais il est sec en hiver."
"Notre fruit le plus aimé est le pamplemousse, mais leur plus aimé est la poire."
"La France est parfois froide en juin, mais elle est parfois mouillée en novembre."
"Paris est parfois calme en mai, mais il est généralement sec en janvier."
"Notre fruit le plus aimé est la fraise, mais son plus aimé est la mangue."
"Notre fruit le moins aimé est le raisin, mais son moins aimé est le pamplemousse."
"Leur fruit préféré est la pomme, mais son préféré est la fraise."
"Mon fruit le moins aimé est la poire, mais son moins aimé est la mangue."
"Nous aimons les pêches, les raisins et les pommes."
"La France n'est jamais mouillée en septembre, mais elle est généralement douce en décembre."
"Le citron est votre fruit le moins aimé, mais la pêche est la moins appréciée."
"Le New Jersey est froid en février, et il ne fait jamais chaud en hiver."
"Les États-Unis ne font jamais de gel en novembre, mais il fait parfois froid à l'automne."
"La France est généralement silencieuse en août, mais elle fait généralement fraîche en février."
"La Californie est agréable en janvier, mais elle fait généralement fraîche en avril."
"Ils aiment les raisins, les pêches et les fraises."
"La Chine n'est jamais merveilleuse en avril, mais elle est parfois mouillée en mars."
"Je n'aime pas les pêches, les mangues et les oranges."
"Votre fruit préféré est la fraise, mais notre préféré est la banane."
"Elle aime les bananes, les fraises et les raisins."
"Son fruit le moins préféré est le pamplemousse, mais notre moins préféré est la pêche."
"L'Inde est belle en décembre, mais il fait parfois chaud en janvier."
"L'orange est leur fruit le moins préféré, mais le citron vert est le moins préféré."
"La mangue est leur fruit le plus aimé, mais la poire est ma plus aimée."
"L'Inde n'est jamais mouillée en août, mais il fait parfois chaud en hiver."
"Le New Jersey est parfois chaud pendant l'hiver, et ce n'est jamais gentil à l'automne."
Il conduit la vieille voiture noire.
"Paris n'a jamais eu froid en janvier, mais il est parfois enneigé en novembre."
"Le raisin est mon fruit préféré, mais la pêche est son préférée."
"La France est enneigée en juillet, mais c'est magnifique en juin."
Paris n'est jamais occupé en février et il ne fait jamais froid en août.
"La Californie est parfois relaxante en avril, mais elle est parfois sèche en automne."
"L'Inde est relaxante en février, mais il ne fait jamais de pluie en juin."
"La Californie est généralement froide en mai, et il est parfois sec en juillet."
"La Chine n'est jamais occupée en septembre, mais il a pluvieux en octobre."
Le New Jersey est occupé en août et il est relaxant en décembre.
Je pense qu'il est difficile de traduire entre l'espagnol et le portugais.
"L'Inde est occupée en avril, mais elle est parfois sèche à l'automne."
"La France est occupée en août, et c'est bien en février."
"Leur fruit préféré est l'orange, mais mon préféré est le pamplemousse."
"Paris est parfois pluvieux pendant l'hiver, mais il fait froid à l'automne."
"L'Inde est généralement belle en juillet, mais il fait froid en automne."
"La poire est votre fruit le moins aimé, mais le citron est mon moins aimé."
"Son fruit le moins préféré est la banane, mais votre moins préféré est le pamplemousse."
"La France est parfois calme en novembre, mais il fait chaud en février."
"Le New Jersey est pluvieux pendant l'été, mais il est parfois doux en février."
"Le New Jersey n'est jamais pluvieux en automne, mais il n'est jamais agréable en mars."
"La France n'est jamais enneigée en octobre, et elle est parfois mouillée en avril."
"La chaux est son fruit le moins aimé, mais le raisin est le moins aimé."
Elle conduit le camion bleu rouillé.
"Paris est généralement beau en juillet, et il fait parfois froid en mai."
"La France n'est jamais occupée à l'automne, mais elle est calme en janvier."
"L'Inde n'est jamais silencieuse en janvier, mais elle est parfois gelée en décembre."
"Le New Jersey est parfois mouillé en octobre, mais il est doux en été."
"La Chine n'est jamais froide en février, et c'est parfois merveilleux en novembre."
"Les États-Unis sont silencieux à l'automne, mais il est généralement gelé en mai."
"La Californie n'est jamais occupée à l'automne, mais elle est parfois mouillée en avril."
"Ils n'aiment pas les poires, les raisins et les bananes."
Il aimait une grande automobile verte.
"Le New Jersey est parfois calme en hiver, et il ne fait jamais chaud au printemps."
"Le New Jersey est parfois beau en mars, mais c'est généralement merveilleux en été."
"Ils n'aiment pas les mangues, les raisins et les fraises."
"Les États-Unis ne sont jamais beaux en novembre, et il n'est jamais calme en juillet."
Je pense que traduire entre espagnol et portugais est amusant.
"La banane est notre fruit préféré, mais le citron est votre préféré."
"Paris est parfois enneigé en janvier, et il fait généralement chaud en avril."
"Leur fruit le moins préféré est la mangue, mais sa préférée est la pêche."
"Le New Jersey n'est jamais froid en septembre, et il est parfois calme en juillet."
"La Chine est généralement merveilleuse en octobre, et elle est généralement sèche en juin."
Elle a vu cette voiture blanche rouillée.
"La France est merveilleuse en décembre, mais elle glacial en hiver."
"Les États-Unis sont relaxants en novembre, et il est parfois enneigé en hiver."
"Votre fruit le moins préféré est la banane, mais notre moins préféré est la fraise."
Elle a vu le nouveau camion vert.
"La fraise est votre fruit le plus aimé, mais le citron est son plus aimé."
"Le New Jersey n'est jamais occupé en octobre, mais il fait froid en septembre."
"Ils aiment les mangues, les limes et les raisins."
"La poire est son fruit le moins aimé, mais l'orange est leur moins appréciée."
"La Chine est généralement gelée en février, mais elle n'est jamais enneigée en été."
"Votre fruit le plus aimé est la pêche, mais mon plus aimé est la mangue."
Il aime ce grand camion bleu.
"Le New Jersey est parfois relaxant en février, mais il n'est jamais mouillé en octobre."
"Le New Jersey est enneigé en mars, mais c'est parfois merveilleux en novembre."
"L'Inde est généralement silencieuse en juin, mais elle n'est jamais enneigée en décembre."
"Les États-Unis sont froids en juillet, mais il est parfois pluvieux en mai."
Elle conduit le petit camion blanc.
Mon animal le plus aimé était cet oiseau.
"Mon fruit le moins aimé est le pamplemousse, mais notre moins aimé est l'orange."
"Paris est occupée en mai, et il est généralement pluvieux en novembre."
"Le raisin est mon fruit préféré, mais le citron vert est notre préféré."
"Paris est sec en mars, et il n'est jamais calme en août."
"La Chine est relaxante en janvier, mais elle est parfois belle au printemps."
"L'Inde est agréable pendant l'hiver, mais elle est généralement calme en juillet."
"Paris est généralement calme en mars, mais ce n'est jamais merveilleux en automne."
"La Californie est généralement chaude en juin, et elle est généralement agréable en juillet."
"Paris est parfois mouillé en mai, et il n'est jamais agréable au printemps."
"Le citron est votre fruit le plus aimé, mais la pêche est sa plus aimée."
"Il aime les fraises, les poires et les oranges."
"L'orange est votre fruit le moins aimé, mais le pamplemousse est le moins aimé."
"Son fruit préféré est le raisin, mais notre préféré est le citron."
"Elle n'aime pas les citrons, les mangues et les bananes."
"L'Inde n'est jamais mouillée à l'automne, mais il fait parfois chaud en janvier."
"Paris est parfois gelé en août, et il n'est jamais mouillé au printemps."
"Les États-Unis sont merveilleux en mars, mais il n'est jamais enneigé en janvier."
"Le citron vert est son fruit le moins aimé, mais la fraise est ma moins appréciée."
Elle conduit cette grande automobile bleue.
"J'aime les limes, les pommes et les mangues."
"L'Inde est agréable en octobre, et ce n'est jamais gentil en été."
"La France a plume en janvier, mais ce n'est jamais merveilleux à l'automne."
"La France ne plume jamais en mai, mais c'est bien en octobre."
Elle conduit la Big Blue Automobile.
"La France est agréable en juillet, mais elle est généralement sèche en décembre."
"Ils n'aiment pas les poires, les mangues et les raisins."
"L'Inde est généralement merveilleuse au printemps, mais elle est généralement sèche en août."
Il conduit un grand camion vert.
"Paris est parfois froid en mars, mais il est généralement enneigé en automne."
"Votre fruit préféré est le raisin, mais leur préféré est le pamplemousse."
"L'orange est mon fruit le plus aimé, mais le pamplemousse en est le plus aimé."
"L'Inde n'est jamais enneigée en novembre, et elle est généralement occupée en décembre."
"La Californie est généralement merveilleuse en novembre, mais il fait parfois froid en mai."
"L'Inde est belle en novembre, et elle glacial en automne."
"L'orange est leur fruit préféré, mais la mangue est son préférée."
"Vous n'aimez pas les mangues, les citrons et les raisins."
"La Californie n'est jamais froide en août, et c'est généralement agréable en automne."
Où sont les États-Unis?
"Le New Jersey est sec au printemps, et il ne se détend jamais en mars."
"Paris ne se détend jamais en juin, mais c'est parfois agréable en août."
"La Chine est généralement agréable à l'automne, mais il fait généralement chaud en octobre."
Le chien est son animal préféré.
"Paris est parfois glacial au printemps, et il fait chaud à l'automne."
"La Californie a parfois des pluies en septembre, mais c'est merveilleux en mai."
"Ils n'aiment pas les citrons, les pommes et le pamplemousse."
"Les États-Unis sont généralement agréables en mai, et il a pluvieux en été."
"Les États-Unis sont relaxants au printemps, et c'est bien en septembre."
"La banane est leur fruit le moins aimé, mais la pêche est ma moins appréciée."
"Les États-Unis sont généralement pluvieux au printemps, mais il est parfois beau en été."
"La Chine est généralement chaude à l'automne, et elle est parfois agréable à l'automne."
"Le New Jersey est généralement relaxant en novembre, et il est généralement doux en octobre."
"Ils n'aiment pas les bananes, les mangues et les limes."
Elle a vu le nouveau camion blanc.
"L'orange est leur fruit le moins aimé, mais la fraise est la moins appréciée."
"Il aime les bananes, les raisins et les pommes."
Elle n'aimait pas un petit camion bleu.
"Elle n'aime pas les fraises, les pommes et les mangues."
"Elle n'aime pas les citrons, les oranges et les mangues."
"Leur fruit le plus aimé est le pamplemousse, mais votre plus aimé est le raisin."
"L'Inde est généralement froide au printemps, et elle est généralement sèche en août."
"Elle aime les pommes, les raisins et les bananes."
"La Chine est enneigée à l'automne, mais il fait froid en septembre."
"L'Inde est parfois douce à l'automne, et elle est généralement mouillée en septembre."
"La Chine est parfois enneigée en décembre, et elle fait froid en novembre."
Pourquoi vont-ils au New Jersey?
"La France est généralement froide en août, mais elle n'est jamais calme en juin."
"Le citron est son fruit le plus aimé, mais le citron vert est votre plus aimé."
"Les États-Unis sont bien en décembre, et il est généralement pluvieux en automne."
"La France n'est jamais occupée en décembre, et il n'est jamais chaud en été."
"La France est parfois enneigée pendant l'été, et elle est parfois relaxante en novembre."
"Paris n'est jamais mouillé à l'automne, et c'est parfois agréable en été."
"La Californie est généralement sèche en février, et il fait parfois froid en automne."
"Paris est merveilleux en mai, et il est sec au printemps."
"La Chine est belle à l'automne, mais elle n'est jamais sèche en septembre."
"La Chine est parfois merveilleuse en hiver, et elle est relaxante en octobre."
"Elle aime les poires, les raisins et les pommes."
"La Californie est agréable pendant l'été, et c'est généralement bien en janvier."
"La France est silencieuse en février, mais elle est parfois belle en septembre."
"Il aime les poires, les fraises et les mangues."
Il conduit l'automobile blanche rouillée.
"L'Inde est parfois douce en août, et elle est généralement enneigée en avril."
"L'Inde est généralement chaude en décembre, mais elle est parfois merveilleuse en février."
"La mangue est mon fruit le moins aimé, mais la poire est la moins appréciée."
"La France est froide en septembre, mais il fait chaud en juillet."
"Le New Jersey est chaud en octobre, mais il n'est jamais chaud en automne."
"La Chine n'est jamais relaxante en octobre, mais elle est généralement douce en juillet."
"L'Inde est généralement chaude en novembre, et c'est bien en juin."
"La France est généralement enneigée à l'automne, mais elle ne fait jamais froid en été."
"Notre fruit le moins préféré est la fraise, mais leur moins préféré est la banane."
Elle pourrait aller à Paris en avril prochain.
Elle conduit ce camion jaune rouillé.
"La Chine est relaxante pendant l'été, et elle n'est jamais calme en février."
"Paris est agréable en janvier, et il fait parfois froid au printemps."
"Elle n'aime pas les limes, les fraises et le pamplemousse."
"La Californie n'est jamais douce en octobre, et il a pluvieux en février."
La Chine n'est jamais douce au printemps et elle est mouillée en hiver.
"La mangue est son fruit le moins aimé, mais l'orange est son moins appréciée."
"Paris est parfois chaud pendant l'été, mais il n'est jamais doux en janvier."
"Il n'aime pas les mangues, les fraises et les raisins."
"Leur fruit le moins préféré est le pamplemousse, mais notre moins préféré est la poire."
"La Californie n'est jamais enneigée en avril, et elle est généralement occupée en juillet."
"Les États-Unis sont froids en juillet, mais il est parfois agréable au printemps."
La Chine est mouillée en juillet et elle est calme en octobre.
"Paris est magnifique en hiver, mais il n'est jamais occupé en novembre."
"Les États-Unis sont parfois merveilleux au printemps, et il n'est jamais calme en octobre."
"Les États-Unis ne sont jamais pluvieux en février, mais c'est agréable au printemps."