"न्यू जर्सी कभी -कभी शरद ऋतु के दौरान शांत होती है, और यह अप्रैल में बर्फीली है।"
"संयुक्त राज्य अमेरिका आमतौर पर जुलाई के दौरान मिर्ची है, और यह आमतौर पर नवंबर में ठंड है।"
"कैलिफोर्निया आमतौर पर मार्च के दौरान शांत होता है, और यह आमतौर पर जून में गर्म होता है।"
"संयुक्त राज्य अमेरिका कभी -कभी जून के दौरान हल्का होता है, और सितंबर में यह ठंडा होता है।"
"आपका कम से कम पसंद किया गया फल अंगूर है, लेकिन मेरी सबसे कम पसंद की सेब है।"
"उनका पसंदीदा फल नारंगी है, लेकिन मेरा पसंदीदा अंगूर है।"
"पेरिस दिसंबर के दौरान आराम कर रहा है, लेकिन यह आमतौर पर जुलाई में मिर्ची है।"
"न्यू जर्सी वसंत के दौरान व्यस्त है, और यह मार्च में कभी गर्म नहीं है।"
"हमारा कम से कम पसंद किया जाने वाला फल नींबू है, लेकिन मेरा कम से कम पसंद किया गया अंगूर है।"
"संयुक्त राज्य अमेरिका कभी -कभी जनवरी के दौरान व्यस्त होता है, और यह कभी -कभी नवंबर में गर्म होता है।"
"चूना उसका कम से कम पसंद किया गया फल है, लेकिन केला मेरी सबसे कम पसंद है।"
उसने एक पुराना पीला ट्रक देखा।
"भारत जून के दौरान बरसात करता है, और यह कभी -कभी नवंबर में गर्म होता है।"
वह बिल्ली मेरा सबसे प्यार करने वाला जानवर था।
"वह अंगूर, नीबू और नींबू को नापसंद करता है।"
"उसका कम से कम पसंद करने वाला फल नींबू है, लेकिन उसकी कम से कम पसंद की गई अंगूर है।"
"फरवरी के दौरान कैलिफोर्निया कभी ठंडा नहीं होता है, लेकिन यह कभी -कभी जून में ठंड होता है।"
"चीन आमतौर पर शरद ऋतु के दौरान सुखद होता है, और यह आमतौर पर अक्टूबर में शांत होता है।"
"पेरिस नवंबर के दौरान कभी भी ठंड नहीं है, लेकिन यह अक्टूबर में अद्भुत है।"
"संयुक्त राज्य अमेरिका जनवरी के दौरान कभी बरसात नहीं होता है, लेकिन यह कभी -कभी अक्टूबर में हल्का होता है।"
"चीन आमतौर पर नवंबर के दौरान सुखद होता है, और यह अक्टूबर में कभी भी शांत नहीं होता है।"
"फरवरी के दौरान संयुक्त राज्य अमेरिका कभी अच्छा नहीं होता है, लेकिन यह कभी -कभी अप्रैल में सुखद होता है।"
"भारत शरद ऋतु के दौरान कभी व्यस्त नहीं है, और यह वसंत में हल्का है।"
"पेरिस गर्मियों के दौरान हल्का होता है, लेकिन यह आमतौर पर अप्रैल में व्यस्त होता है।"
"सितंबर के दौरान फ्रांस कभी ठंडा नहीं होता है, और यह अक्टूबर में बर्फीला है।"
"मई के दौरान कैलिफोर्निया कभी ठंडा नहीं होता है, और यह कभी -कभी मार्च में मिर्च होता है।"
"वह नींबू, अंगूर और आम को नापसंद करता है।"
"उनका पसंदीदा फल आम है, लेकिन हमारा पसंदीदा नाशपाती है।"
"फ्रांस कभी -कभी मई के दौरान शांत होता है, और यह अगस्त में कभी भी मिर्च नहीं होता है।"
"पेरिस सितंबर के दौरान कभी भी सुखद नहीं होता है, और यह शरद ऋतु में सुंदर है।"
"वह सेब, आड़ू और अंगूर को नापसंद करता है।"
"कैलिफोर्निया आमतौर पर दिसंबर के दौरान ठंड है, और यह अप्रैल में व्यस्त है।"
आपका सबसे भयभीत जानवर वह शार्क है।
"पेरिस आमतौर पर अगस्त के दौरान गीला होता है, और यह नवंबर में कभी भी सूखा नहीं होता है।"
"पेरिस आमतौर पर सितंबर के दौरान सुंदर होता है, और यह आमतौर पर नवंबर में बर्फीला होता है।"
"संयुक्त राज्य अमेरिका जनवरी के दौरान कभी भी गीला नहीं होता है, लेकिन यह आमतौर पर अक्टूबर में गर्म होता है।"
"हमें संतरे, आम और अंगूर पसंद हैं।"
"उन्हें नाशपाती, सेब और आम पसंद हैं।"
वह उस छोटे लाल ट्रक को नापसंद करती है।
"अंगूर का मेरा सबसे प्रिय फल है, लेकिन केला उसका सबसे अधिक प्यार है।"
"मई के दौरान फ्रांस बर्फीला है, और यह शरद ऋतु में कभी व्यस्त नहीं है।"
"चीन आमतौर पर सर्दियों के दौरान हल्का होता है, लेकिन यह फरवरी में कभी व्यस्त नहीं होता है।"
"जुलाई के दौरान चीन कभी अच्छा नहीं होता है, लेकिन यह आमतौर पर वसंत में बर्फीला होता है।"
"कैलिफोर्निया नवंबर के दौरान व्यस्त है, लेकिन यह शरद ऋतु में बारिश है।"
"वसंत के दौरान चीन गर्म होता है, और फरवरी में कभी -कभी ठंडा होता है।"
"कैलिफोर्निया आमतौर पर सर्दियों के दौरान सुंदर होता है, लेकिन यह फरवरी में कभी व्यस्त नहीं होता है।"
"नवंबर के दौरान फ्रांस अद्भुत है, लेकिन यह कभी -कभी सितंबर में गर्म होता है।"
"भारत आमतौर पर नवंबर के दौरान सुखद होता है, लेकिन यह जुलाई में कभी भी आराम नहीं करता है।"
"शरद ऋतु के दौरान संयुक्त राज्य अमेरिका कभी भी ठंड नहीं है, लेकिन यह जून में कभी व्यस्त नहीं है।"
"पेरिस कभी -कभी जून के दौरान गर्म होता है, लेकिन यह आमतौर पर जुलाई में गर्म होता है।"
"गर्मियों के दौरान पेरिस कभी गर्म नहीं होता है, और यह आमतौर पर सर्दियों में हल्का होता है।"
उसने एक जंग खाए पीली कार को नापसंद किया।
"फ्रांस आमतौर पर नवंबर के दौरान शांत होता है, लेकिन यह कभी -कभी फरवरी में गर्म होता है।"
"न्यू जर्सी नवंबर के दौरान कभी भी गीली नहीं होती है, और यह अगस्त में हल्का है।"
"हम आड़ू, नाशपाती और स्ट्रॉबेरी पसंद करते हैं।"
"नारंगी उसका कम से कम पसंद किया गया फल है, लेकिन अंगूर उनकी कम से कम पसंद की गई है।"
"नवंबर के दौरान चीन कभी बरसाती नहीं है, और यह जनवरी में शांत है।"
"मार्च के दौरान चीन आराम कर रहा है, लेकिन यह कभी -कभी सितंबर में बर्फीला होता है।"
"पेरिस मार्च के दौरान अद्भुत है, लेकिन यह आमतौर पर जून में सुखद होता है।"
"न्यू जर्सी शरद ऋतु के दौरान मिर्च है, और यह कभी -कभी वसंत में सुखद होता है।"
"कैलिफोर्निया अक्टूबर के दौरान कभी भी ठंड नहीं है, लेकिन यह आमतौर पर जून में शांत है।"
"न्यू जर्सी सर्दियों के दौरान ठंड है, लेकिन यह कभी -कभी जनवरी में अद्भुत होता है।"
"मुझे अंगूर, नाशपाती और स्ट्रॉबेरी पसंद हैं।"
"नींबू मेरा सबसे पसंद किया गया फल है, लेकिन स्ट्रॉबेरी हमारा सबसे अधिक प्यार है।"
"चीन आमतौर पर मार्च के दौरान सूखा होता है, लेकिन यह नवंबर में अच्छा है।"
"पेरिस दिसंबर के दौरान सुखद है, लेकिन यह नवंबर में कभी अच्छा नहीं है।"
"जुलाई के दौरान चीन ठंड है, लेकिन यह जनवरी में आराम कर रहा है।"
"सेब हमारा सबसे कम पसंदीदा फल है, लेकिन नारंगी उसका सबसे कम पसंदीदा है।"
"वह अंगूर, अंगूर और केले को नापसंद करता है।"
"वह सेब, आम और स्ट्रॉबेरी को नापसंद करता है।"
"जुलाई के दौरान चीन गर्म है, लेकिन यह जनवरी में कभी सुखद नहीं है।"
"भारत आमतौर पर अप्रैल के दौरान सूखा होता है, और यह फरवरी में ठंड है।"
वह अगली गर्मियों में संयुक्त राज्य अमेरिका जा रही है।
"फ्रांस को कभी -कभी फरवरी के दौरान बरसात होती है, और यह आमतौर पर वसंत में शांत होता है।"
मैं अगले मई में कैलिफोर्निया की यात्रा करने की योजना बना रहा हूं।
"नवंबर के दौरान कैलिफोर्निया कभी भी गीला नहीं होता है, और यह कभी -कभी सितंबर में सुखद होता है।"
"वे नींबू, नीबू और अंगूर पसंद करते हैं।"
"मार्च के दौरान संयुक्त राज्य अमेरिका कभी सुंदर नहीं है, और यह आमतौर पर गर्मियों में आराम कर रहा है।"
हाथी उसके सबसे अधिक भयभीत जानवर थे।
"स्ट्रॉबेरी उनका सबसे कम पसंदीदा फल है, लेकिन सेब हमारा सबसे कम पसंदीदा है।"
वे अगले जून में फ्रांस जा रहे हैं।
"वह स्ट्रॉबेरी, संतरे और नीबू पसंद करता है।"
"सर्दियों के दौरान कैलिफोर्निया कभी भी सुखद नहीं होता है, और यह कभी -कभी दिसंबर में अद्भुत होता है।"
"सेब हमारा सबसे कम पसंदीदा फल है, लेकिन आम उनका सबसे कम पसंदीदा है।"
"वह स्ट्रॉबेरी, संतरे और केले पसंद करती है।"
"जनवरी के दौरान कैलिफोर्निया सुंदर है, और यह फरवरी में सुखद है।"
"वे अंगूर, आम और नीबू को नापसंद करते हैं।"
"वह नींबू, अंगूर और संतरे को नापसंद करती है।"
"हमारा सबसे कम पसंदीदा फल है केला है, लेकिन आपका सबसे कम पसंदीदा अंगूर है।"
"दिसंबर के दौरान कैलिफोर्निया कभी ठंडा नहीं होता है, लेकिन यह आमतौर पर मई में गर्म होता है।"
"फरवरी के दौरान कैलिफोर्निया कभी व्यस्त नहीं होता है, और यह आमतौर पर जून में गर्म होता है।"
"संयुक्त राज्य अमेरिका कभी -कभी नवंबर के दौरान सुंदर होता है, और मार्च में कभी भी बरसात नहीं होता है।"
"न्यू जर्सी कभी -कभी मार्च के दौरान गर्म होती है, और यह गिरने में सुंदर है।"
"अंगूर का हमारा सबसे पसंदीदा फल है, लेकिन नारंगी आपका सबसे कम पसंदीदा है।"
"मुझे अंगूर, नीबू और नाशपाती पसंद है।"
"वह नींबू, स्ट्रॉबेरी और अंगूर को नापसंद करती है।"
"पेरिस आमतौर पर गिरने के दौरान मिर्च होता है, लेकिन जुलाई में कभी -कभी बारिश होती है।"
"वह आम, सेब और केले पसंद करती है।"
वह पुराने पीले ट्रक को चला रही है।
"हमें आड़ू, आम और संतरे पसंद हैं।"
"न्यू जर्सी आमतौर पर गिरने के दौरान शांत होती है, लेकिन यह आमतौर पर अप्रैल में गर्म होती है।"
"सर्दियों के दौरान कैलिफोर्निया कभी बरसात नहीं होता है, और यह आमतौर पर गर्मियों में हल्का होता है।"
"कैलिफोर्निया कभी -कभी सर्दियों के दौरान ठंडा होता है, लेकिन यह कभी -कभी शरद ऋतु में मिर्च होता है।"
"वह नींबू, नाशपाती और संतरे पसंद करती है।"
"हमें स्ट्रॉबेरी, केले और संतरे पसंद हैं।"
"भारत सितंबर के दौरान कभी बर्फीला नहीं होता है, लेकिन यह कभी -कभी वसंत में सूखा होता है।"
"भारत को कभी -कभी जनवरी के दौरान बरसात होती है, और यह फरवरी में सुखद है।"
"पेरिस मार्च के दौरान कभी भी आराम नहीं कर रहा है, लेकिन यह आमतौर पर शरद ऋतु में ठंड है।"
"भारत गर्मियों के दौरान मिर्ची है, और यह कभी -कभी सितंबर में सुंदर होता है।"
"वह आड़ू, नीबू और आम को पसंद करती है।"
"भारत अक्टूबर के दौरान कभी भी मिर्च नहीं है, लेकिन यह आमतौर पर नवंबर में आराम कर रहा है।"
"मुझे आड़ू, अंगूर और नींबू पसंद हैं।"
"वह आम, अंगूर और नाशपाती पसंद करती है।"
"संयुक्त राज्य अमेरिका आमतौर पर सर्दियों के दौरान सूखा होता है, लेकिन फरवरी में कभी -कभी बर्फीला होता है।"
"चीन आमतौर पर अप्रैल के दौरान अच्छा होता है, और अगस्त में कभी भी बर्फीला नहीं होता है।"
वह संतरे और अंगूर को नापसंद करती है।
"पेरिस कभी -कभी शरद ऋतु के दौरान अद्भुत होता है, और यह नवंबर में गर्म होता है।"
"अंगूर उसका सबसे पसंदीदा फल है, लेकिन केला उनका सबसे कम पसंदीदा है।"
"अंगूर का उनका सबसे कम फल है, लेकिन अंगूर मेरी सबसे कम पसंद है।"
"पेरिस गर्मियों के दौरान कभी व्यस्त नहीं होता है, लेकिन यह नवंबर में कभी भी ठंड नहीं है।"
"चीन कभी -कभी मार्च के दौरान सुखद होता है, लेकिन यह आमतौर पर मई में अच्छा होता है।"
"भारत कभी -कभी मार्च के दौरान ठंडा होता है, लेकिन यह कभी -कभी जनवरी में गर्म होता है।"
"न्यू जर्सी जून के दौरान बारिश होती है, और नवंबर में कभी -कभी यह अच्छा होता है।"
"स्ट्रॉबेरी उसका सबसे कम पसंदीदा फल है, लेकिन आड़ू हमारा सबसे कम पसंदीदा है।"
"पेरिस आमतौर पर सर्दियों के दौरान बर्फीला होता है, और यह कभी -कभी अगस्त में सुंदर होता है।"
"मार्च के दौरान फ्रांस कभी भी मिर्ची नहीं है, और यह अप्रैल में गीला है।"
"उनका कम से कम पसंद किया जाने वाला फल केला है, लेकिन उसकी कम से कम पसंद की गई आड़ू है।"
"चीन गिरने के दौरान ठंडा है, लेकिन यह आमतौर पर नवंबर में आराम कर रहा है।"
"न्यू जर्सी आमतौर पर अप्रैल के दौरान सुंदर है, और यह दिसंबर में कभी भी आराम नहीं करता है।"
"वह अंगूर, आम और नींबू को नापसंद करता है।"
"न्यू जर्सी आमतौर पर नवंबर के दौरान ठंड है, लेकिन यह आमतौर पर शरद ऋतु में आराम कर रहा है।"
"स्ट्रॉबेरी मेरा सबसे पसंद किया गया फल है, लेकिन नींबू उसका सबसे अधिक प्यार करता है।"
"पेरिस कभी -कभी शरद ऋतु के दौरान सुखद होता है, और यह सितंबर में अद्भुत है।"
"उसका सबसे अधिक पसंद किया गया फल नींबू है, लेकिन आपका सबसे प्यार आम है।"
"आम आपका कम से कम पसंद किया जाने वाला फल है, लेकिन सेब उसकी सबसे कम पसंद है।"
"नाशपाती मेरा सबसे अच्छा फल है, लेकिन नींबू उसका सबसे अधिक प्यार करता है।"
वह एक नई नीली कार चलाता है।
"संयुक्त राज्य अमेरिका वसंत के दौरान गर्म है, लेकिन यह अगस्त में गीला है।"
"पेरिस आमतौर पर अक्टूबर के दौरान ठंड है, और यह आमतौर पर अप्रैल में अच्छा होता है।"
"आड़ू आपका सबसे प्रिय फल है, लेकिन केला मेरा सबसे प्यार है।"
"आपको अंगूर, आड़ू और स्ट्रॉबेरी पसंद हैं।"
"न्यू जर्सी कभी -कभी सर्दियों के दौरान अच्छा होता है, लेकिन यह वसंत में गर्म होता है।"
"पेरिस आमतौर पर सितंबर के दौरान सुंदर होता है, लेकिन यह आमतौर पर वसंत में व्यस्त होता है।"
"चीन आमतौर पर शरद ऋतु के दौरान बर्फीला होता है, लेकिन यह आमतौर पर मई में गर्म होता है।"
वह पक्षी उसका सबसे अधिक भयभीत जानवर है।
"वह सेब, आड़ू और केले को नापसंद करती है।"
मैं अगले अक्टूबर में कैलिफोर्निया जाने की योजना बना रहा हूं।
"आप नीबू, केले और अंगूर पसंद करते हैं।"
"पेरिस वसंत के दौरान कभी भी शांत नहीं होता है, लेकिन यह आमतौर पर मार्च में गर्म होता है।"
"पेरिस सर्दियों के दौरान बारिश होती है, और यह कभी -कभी अप्रैल में गर्म होती है।"
"आपको नाशपाती, अंगूर, और नीबू पसंद है।"
"जनवरी के दौरान पेरिस गर्म है, और अक्टूबर में बरसात है।"
"फ्रांस कभी -कभी दिसंबर के दौरान शांत होता है, और यह जनवरी में कभी बर्फीला नहीं होता है।"
"पेरिस कभी -कभी गर्मियों के दौरान आराम कर रहा होता है, लेकिन यह आमतौर पर नवंबर में हल्का होता है।"
उसे केले और अंगूर पसंद हैं।
"चूना उसका कम से कम पसंद किया गया फल है, लेकिन नारंगी उसकी सबसे कम पसंद है।"
"कैलिफोर्निया गिरने के दौरान कभी गर्म नहीं होता है, लेकिन यह आमतौर पर अप्रैल में आराम कर रहा है।"
"न्यू जर्सी दिसंबर के दौरान व्यस्त है, और यह आमतौर पर अगस्त में हल्का होता है।"
"अप्रैल के दौरान चीन कभी भी हल्का नहीं होता है, और यह कभी -कभी वसंत में गीला होता है।"
"फरवरी के दौरान संयुक्त राज्य अमेरिका कभी बर्फीला नहीं होता है, और यह आमतौर पर शरद ऋतु में सुखद होता है।"
"जनवरी के दौरान भारत कभी भी सूखा नहीं है, और यह फरवरी में कभी गर्म नहीं है।"
"पेरिस आमतौर पर शरद ऋतु के दौरान अद्भुत होता है, और यह वसंत में व्यस्त होता है।"
"वह नाशपाती, आड़ू और नींबू पसंद करता है।"
"अक्टूबर के दौरान पेरिस कभी ठंडा नहीं होता है, लेकिन यह जनवरी में आराम कर रहा है।"
"आपको नींबू, अंगूर और केले पसंद हैं।"
वह उस छोटे लाल ट्रक को चलाती है।
"न्यू जर्सी गिरने के दौरान सुखद है, और यह आमतौर पर सर्दियों में ठंड है।"
"पेरिस आमतौर पर दिसंबर के दौरान बारिश होती है, और सर्दियों में ठंड होती है।"
"कैलिफोर्निया आमतौर पर सितंबर के दौरान सुखद होता है, लेकिन यह आमतौर पर शरद ऋतु में ठंड है।"
"नाशपाती हमारा कम से कम पसंद किया जाने वाला फल है, लेकिन नारंगी उनकी सबसे कम पसंद है।"
"भारत वसंत के दौरान बर्फीला है, और यह जनवरी में कभी व्यस्त नहीं होता है।"
"मैं स्ट्रॉबेरी, आम और नाशपाती को नापसंद करता हूं।"
"मार्च के दौरान कैलिफोर्निया कभी ठंडा नहीं होता है, लेकिन यह गिरावट में गर्म है।"
"चीन कभी -कभी मार्च के दौरान मिर्च होता है, और यह कभी -कभी जून में शांत होता है।"
"उसका सबसे प्यार करने वाला फल अंगूर है, लेकिन आपका सबसे प्यार नारंगी है।"
"आड़ू उसका पसंदीदा फल है, लेकिन सेब मेरा पसंदीदा है।"
"पेरिस आमतौर पर मई के दौरान सुंदर होता है, और यह जून में कभी भी अद्भुत नहीं होता है।"
"आपका कम से कम पसंद किया गया फल आम है, लेकिन हमारी सबसे कम पसंद की गई अंगूर है।"
"केला उनका पसंदीदा फल है, लेकिन अंगूर आपका पसंदीदा है।"
"अंगूर उनका कम से कम पसंद किया जाने वाला फल है, लेकिन स्ट्रॉबेरी हमारी सबसे कम पसंद की गई है।"
"नारंगी उसका सबसे कम पसंदीदा फल है, लेकिन केला आपका सबसे कम पसंदीदा है।"
"भारत आमतौर पर गिरने के दौरान शांत होता है, लेकिन यह कभी -कभी मार्च में सुखद होता है।"
आपके सबसे प्रिय जानवर घोड़े हैं।
"मैं आड़ू, सेब और स्ट्रॉबेरी को नापसंद करता हूं।"
"पेरिस कभी -कभी जून के दौरान व्यस्त होता है, और यह गिरने में कभी शांत नहीं होता है।"
"मुझे केले, नींबू और अंगूर पसंद हैं।"
"आप सेब, अंगूर, और नीबू पसंद करते हैं।"
"आप आड़ू, आम और नींबू को नापसंद करते हैं।"
"हमें संतरे, आम और केले पसंद हैं।"
"हम अंगूर, आम और अंगूर को नापसंद करते हैं।"
"न्यू जर्सी मार्च के दौरान मिर्च है, लेकिन दिसंबर में यह कभी अच्छा नहीं है।"
"आप केले, आम और नीबू को नापसंद करते हैं।"
"वह नाशपाती, आम और स्ट्रॉबेरी को नापसंद करता है।"
"संयुक्त राज्य अमेरिका में कभी -कभी सर्दियों के दौरान बरसात होती है, लेकिन यह अप्रैल में कभी भी हल्का नहीं होता है।"
"मैं अंगूर, नींबू और आड़ू को नापसंद करता हूं।"
"पेरिस आमतौर पर जून के दौरान अच्छा होता है, और यह कभी -कभी शरद ऋतु में शांत होता है।"
"आप संतरे, सेब और अंगूर को नापसंद करते हैं।"
"न्यू जर्सी कभी -कभी जुलाई के दौरान व्यस्त होती है, और यह कभी -कभी अक्टूबर में गर्म होता है।"
"सर्दियों के दौरान कैलिफोर्निया कभी -कभी मिर्च होता है, लेकिन यह आमतौर पर जून में बारिश होती है।"
"चीन कभी -कभी अगस्त के दौरान गीला होता है, लेकिन यह अक्टूबर में कभी भी शांत नहीं होता है।"
"पेरिस वसंत के दौरान गर्म होता है, लेकिन यह आमतौर पर जून में बर्फीला होता है।"
"अंगूर आपका सबसे कम पसंदीदा फल है, लेकिन केला उसका सबसे कम पसंदीदा है।"
"चीन गर्मियों के दौरान कभी भी गर्म नहीं होता है, लेकिन यह आमतौर पर नवंबर में शांत होता है।"
"वह स्ट्रॉबेरी, नाशपाती और नीबू को नापसंद करती है।"
उनका सबसे कम पसंदीदा जानवर माउस है।
"वह केले, आम और सेब को नापसंद करता है।"
"नींबू हमारा पसंदीदा फल है, लेकिन नारंगी मेरा पसंदीदा है।"
"फ्रांस आमतौर पर वसंत के दौरान गर्म होता है, लेकिन यह सितंबर में कभी भी सुखद नहीं होता है।"
"मार्च के दौरान चीन मिर्च है, और यह मई में कभी भी आराम नहीं करता है।"
"फ्रांस कभी -कभी नवंबर के दौरान हल्का होता है, और यह कभी -कभी वसंत में व्यस्त होता है।"
"कैलिफोर्निया आमतौर पर गिरने के दौरान हल्का होता है, लेकिन यह सितंबर में कभी भी मिर्च नहीं होता है।"
"पेरिस सितंबर के दौरान कभी भी अद्भुत नहीं है, और यह जुलाई में गर्म है।"
"हम आड़ू, नीबू और संतरे को नापसंद करते हैं।"
"सेब आपका सबसे कम पसंद किया जाने वाला फल है, लेकिन स्ट्रॉबेरी उनकी सबसे कम पसंद की गई है।"
"संयुक्त राज्य अमेरिका कभी -कभी शरद ऋतु के दौरान अद्भुत होता है, लेकिन यह आमतौर पर जून में गीला होता है।"
वह पिछले वसंत में संयुक्त राज्य अमेरिका गए थे।
"फ्रांस गिरने के दौरान गीला होता है, और यह जून में कभी भी आराम नहीं करता है।"
"मुझे संतरे, अंगूर और नाशपाती पसंद हैं।"
वह छोटी पीली कार चला रहा था।
"मैं नीबू, सेब और आड़ू को नापसंद करता हूं।"
"मार्च के दौरान संयुक्त राज्य अमेरिका बर्फीला है, लेकिन यह कभी -कभी दिसंबर में शांत होता है।"
"भारत अगस्त के दौरान शांत है, और यह आमतौर पर जनवरी में हल्का होता है।"
"नवंबर के दौरान संयुक्त राज्य अमेरिका कभी भी ठंड नहीं है, लेकिन कभी -कभी सर्दियों में बारिश होती है।"
"भारत गिरने के दौरान आराम कर रहा है, और यह मार्च में अद्भुत है।"
"स्ट्रॉबेरी आपका पसंदीदा फल है, लेकिन आड़ू हमारा पसंदीदा है।"
"न्यू जर्सी कभी -कभी गिरावट के दौरान बारिश होती है, लेकिन यह वसंत में ठंड है।"
"केला आपका कम से कम पसंद करने वाला फल है, लेकिन आम मेरी सबसे कम पसंद है।"
"फ्रांस आमतौर पर मई के दौरान सुखद होता है, और यह सर्दियों में कभी गर्म नहीं होता है।"
"आम हमारा कम से कम पसंद किया जाने वाला फल है, लेकिन केला उसकी सबसे कम पसंद है।"
"भारत आमतौर पर अप्रैल के दौरान गर्म होता है, लेकिन यह आमतौर पर अगस्त में व्यस्त होता है।"
"नारंगी उसका पसंदीदा फल है, लेकिन स्ट्रॉबेरी हमारा पसंदीदा है।"
"आपको अंगूर, नीबू और आम पसंद हैं।"
वह घोड़ा आपका सबसे कम पसंदीदा जानवर है।
"वह केले, संतरे और अंगूर को नापसंद करती है।"
"हम संतरे, अंगूर और केले को नापसंद करते हैं।"
"पेरिस आमतौर पर शरद ऋतु के दौरान शांत होता है, लेकिन यह आमतौर पर मार्च में बर्फीला होता है।"
"वह सेब, आम और संतरे पसंद करती है।"
वह पुराने लाल ऑटोमोबाइल को नापसंद करता है।
कुत्ते आपके सबसे पसंदीदा जानवर हैं।
वह छोटी सफेद कार चला रही थी।
"संयुक्त राज्य अमेरिका कभी -कभी वसंत के दौरान व्यस्त होता है, और यह आमतौर पर नवंबर में हल्का होता है।"
"कैलिफोर्निया कभी -कभी सितंबर के दौरान ठंड होता है, और यह वसंत में कभी भी गर्म नहीं होता है।"
"अगस्त के दौरान चीन बर्फीली है, लेकिन यह जनवरी में कभी सुंदर नहीं है।"
"हमारा सबसे प्रिय फल नारंगी है, लेकिन उनका सबसे प्यार नींबू है।"
"आपका कम से कम पसंद किया जाने वाला फल अंगूर है, लेकिन उसकी सबसे कम पसंद नारंगी है।"
"भारत कभी -कभी दिसंबर के दौरान शांत होता है, लेकिन सर्दियों में यह कभी अच्छा नहीं होता है।"
"वह संतरे, अंगूर और नींबू को नापसंद करती है।"
"न्यू जर्सी नवंबर के दौरान कभी व्यस्त नहीं है, और मार्च में कभी ठंडा नहीं होता है।"
"मेरा सबसे कम पसंदीदा फल चूना है, लेकिन उसका सबसे कम पसंदीदा नाशपाती है।"
अंगूर आपका सबसे कम पसंदीदा फल है।
"फ्रांस कभी -कभी मई के दौरान ठंड होता है, और यह अगस्त में कभी भी गीला नहीं होता है।"
उनके पसंदीदा जानवर घोड़े थे।
"दिसंबर के दौरान पेरिस कभी बर्फीला नहीं होता है, और यह फरवरी में कभी भी गीला नहीं होता है।"
"भारत कभी -कभी जनवरी के दौरान सुखद होता है, लेकिन यह अक्टूबर में कभी भी हल्का नहीं होता है।"
"न्यू जर्सी दिसंबर के दौरान ठंडी है, लेकिन फरवरी में यह कभी भी गर्म नहीं है।"
"चूना हमारा पसंदीदा फल है, लेकिन नींबू उसका पसंदीदा है।"
"वह आड़ू, संतरे और नींबू पसंद करता है।"
"संयुक्त राज्य अमेरिका जनवरी के दौरान कभी गर्म नहीं होता है, और सितंबर में बारिश होती है।"
"संयुक्त राज्य अमेरिका जून के दौरान सुखद है, लेकिन यह कभी -कभी गर्मियों में गर्म होता है।"
"अंगूर उनका कम से कम पसंद किया जाने वाला फल है, लेकिन आम उसे सबसे कम पसंद किया जाता है।"
वह अगले जून में चीन जा रही है।
"वह स्ट्रॉबेरी, सेब और अंगूर पसंद करता है।"
"चीन कभी -कभी जुलाई के दौरान व्यस्त होता है, और यह आमतौर पर मार्च में शांत होता है।"
"हम केले, नींबू और आम को नापसंद करते हैं।"
"कैलिफोर्निया दिसंबर के दौरान कभी व्यस्त नहीं होता है, लेकिन यह आमतौर पर गिरावट में गर्म होता है।"
"फ्रांस आमतौर पर सर्दियों के दौरान आराम कर रहा है, लेकिन यह आमतौर पर जुलाई में हल्का होता है।"
"न्यू जर्सी आमतौर पर शरद ऋतु के दौरान गर्म होती है, और यह सर्दियों में कभी भी शांत नहीं होता है।"
"सितंबर के दौरान पेरिस कभी अच्छा नहीं होता है, और मार्च में कभी -कभी ठंडा होता है।"
"न्यू जर्सी कभी -कभी सितंबर के दौरान गीली होती है, लेकिन यह आमतौर पर अगस्त में सुंदर होती है।"
"संयुक्त राज्य अमेरिका कभी -कभी मार्च के दौरान बारिश होती है, और यह शरद ऋतु में कभी गर्म नहीं होती है।"
हाथी उसका सबसे प्रिय जानवर है।
"भारत आमतौर पर अक्टूबर के दौरान गर्म होता है, और यह आमतौर पर जून में गीला होता है।"
"उनका सबसे कम पसंदीदा फल आड़ू है, लेकिन आपका सबसे कम पसंदीदा केला है।"
"पेरिस कभी -कभी सितंबर के दौरान सुंदर होता है, लेकिन यह कभी -कभी मार्च में गीला होता है।"
"कैलिफोर्निया अक्टूबर के दौरान गर्म है, और यह आमतौर पर मार्च में सुखद होता है।"
वह अंगूर और नींबू पसंद करता है।
"न्यू जर्सी मार्च के दौरान सुंदर है, लेकिन यह सर्दियों में व्यस्त है।"
"नवंबर के दौरान चीन कभी भी अद्भुत नहीं होता है, लेकिन यह कभी -कभी वसंत में शांत होता है।"
"संयुक्त राज्य अमेरिका आमतौर पर शरद ऋतु के दौरान ठंड है, लेकिन यह आमतौर पर जून में सूखा होता है।"
"आड़ू मेरा सबसे कम पसंदीदा फल है, लेकिन अंगूर उनका सबसे कम पसंदीदा है।"
"वह सेब, नीबू और नाशपाती को नापसंद करता है।"
"पेरिस आमतौर पर गर्मियों के दौरान ठंडा होता है, और यह कभी -कभी सर्दियों में सूखा होता है।"
"पेरिस मई के दौरान गर्म है, और यह अगस्त में कभी भी सुखद नहीं है।"
"उनका पसंदीदा फल अंगूर है, लेकिन मेरा पसंदीदा आम है।"
"संयुक्त राज्य अमेरिका कभी -कभी जुलाई के दौरान सुखद होता है, लेकिन यह कभी -कभी जून में सूखा होता है।"
"अंगूर हमारा कम से कम पसंद किया जाने वाला फल है, लेकिन स्ट्रॉबेरी उसे सबसे कम पसंद है।"
"सितंबर के दौरान कैलिफोर्निया कभी भी शांत नहीं होता है, और यह कभी -कभी दिसंबर में हल्का होता है।"
"चूना उसका कम से कम पसंदीदा फल है, लेकिन आड़ू आपका सबसे कम पसंदीदा है।"
"संयुक्त राज्य अमेरिका अगस्त के दौरान कभी भी हल्का नहीं होता है, लेकिन यह सर्दियों में कभी सुंदर नहीं होता है।"
"फरवरी के दौरान न्यू जर्सी कभी भी ठंड नहीं है, और यह आमतौर पर गर्मियों में ठंडा होता है।"
"स्ट्रॉबेरी उनका कम से कम पसंद किया जाने वाला फल है, लेकिन सेब हमारी सबसे कम पसंद है।"
"भारत वसंत के दौरान कभी सुंदर नहीं है, लेकिन यह आमतौर पर फरवरी में ठंड है।"
"अंगूर हमारा कम से कम पसंद किया गया फल है, लेकिन अंगूर उसकी सबसे कम पसंद है।"
मैं वसंत में फ्रांस की यात्रा करने की योजना बना रहा हूं।
"फरवरी के दौरान न्यू जर्सी कभी अच्छा नहीं होता है, लेकिन यह वसंत में मिर्ची है।"
उसने उस नए पीले ट्रक को देखा।
"वह अंगूर, सेब और अंगूर पसंद करती है।"
वह बिल्ली आपका पसंदीदा जानवर था।
"संयुक्त राज्य अमेरिका कभी -कभी मार्च के दौरान बर्फीला होता है, और यह आमतौर पर अक्टूबर में ठंडा होता है।"
"संयुक्त राज्य अमेरिका कभी -कभी अप्रैल के दौरान सुंदर होता है, लेकिन यह आमतौर पर अक्टूबर में व्यस्त होता है।"
"सितंबर के दौरान कैलिफोर्निया सुंदर है, लेकिन यह अगस्त में अद्भुत है।"
"उसका सबसे प्रिय फल सेब है, लेकिन उनका सबसे अधिक प्यार अंगूर है।"
वह अंगूर और सेब पसंद करता है।
"जनवरी के दौरान कैलिफोर्निया मिर्च है, लेकिन यह वसंत में कभी व्यस्त नहीं है।"
"वह केले, अंगूर और आम को नापसंद करती है।"
"आप केले, आड़ू और नीबू को नापसंद करते हैं।"
"मार्च के दौरान कैलिफोर्निया कभी भी गर्म नहीं होता है, लेकिन यह कभी -कभी मई में आराम करता है।"
"पेरिस दिसंबर के दौरान हल्का होता है, लेकिन यह सर्दियों में सूखा होता है।"
"हमारा सबसे प्रिय फल अंगूर है, लेकिन उनका सबसे अधिक प्यार नाशपाती है।"
"फ्रांस कभी -कभी जून के दौरान मिर्च होता है, लेकिन यह कभी -कभी नवंबर में गीला होता है।"
"पेरिस कभी -कभी मई के दौरान शांत होता है, लेकिन यह आमतौर पर जनवरी में सूखा होता है।"
"हमारा सबसे प्रिय फल स्ट्रॉबेरी है, लेकिन उसका सबसे प्यार आम है।"
"हमारा कम से कम पसंद किया जाने वाला फल अंगूर है, लेकिन उसकी कम से कम पसंद की जाने वाली अंगूर है।"
"उनका पसंदीदा फल सेब है, लेकिन उनका पसंदीदा स्ट्रॉबेरी है।"
"मेरा कम से कम पसंद किया गया फल नाशपाती है, लेकिन उसकी सबसे कम पसंद आम है।"
"हमें आड़ू, अंगूर और सेब पसंद हैं।"
"फ्रांस सितंबर के दौरान कभी भी गीला नहीं होता है, लेकिन यह आमतौर पर दिसंबर में हल्का होता है।"
"नींबू आपका सबसे कम पसंद करने वाला फल है, लेकिन आड़ू उसकी सबसे कम पसंद है।"
"फरवरी के दौरान न्यू जर्सी ठंडा है, और यह सर्दियों में कभी गर्म नहीं होता है।"
"नवंबर के दौरान संयुक्त राज्य अमेरिका कभी भी ठंड नहीं है, लेकिन यह कभी -कभी गिरावट में ठंडा होता है।"
"फ्रांस आमतौर पर अगस्त के दौरान शांत होता है, लेकिन यह आमतौर पर फरवरी में मिर्च होता है।"
"जनवरी के दौरान कैलिफोर्निया सुखद है, लेकिन यह आमतौर पर अप्रैल में मिर्ची है।"
"उन्हें अंगूर, आड़ू और स्ट्रॉबेरी पसंद हैं।"
"अप्रैल के दौरान चीन कभी भी अद्भुत नहीं होता है, लेकिन यह कभी -कभी मार्च में गीला होता है।"
"मैं आड़ू, आम और संतरे को नापसंद करता हूं।"
"आपका पसंदीदा फल स्ट्रॉबेरी है, लेकिन हमारा पसंदीदा केला है।"
"वह केले, स्ट्रॉबेरी और अंगूर पसंद करती है।"
"उनका सबसे कम पसंदीदा फल अंगूर है, लेकिन हमारा सबसे कम पसंदीदा आड़ू है।"
"भारत दिसंबर के दौरान अच्छा है, लेकिन यह कभी -कभी जनवरी में गर्म होता है।"
"नारंगी उनका सबसे कम पसंदीदा फल है, लेकिन चूना उनका सबसे कम पसंदीदा है।"
"आम उनका सबसे प्यार करने वाला फल है, लेकिन नाशपाती मेरा सबसे प्यार है।"
"भारत अगस्त के दौरान कभी भी गीला नहीं होता है, लेकिन यह कभी -कभी सर्दियों में गर्म होता है।"
"न्यू जर्सी कभी -कभी सर्दियों के दौरान गर्म होती है, और यह गिरने में कभी अच्छा नहीं होता है।"
वह पुरानी काली कार चला रहा है।
"जनवरी के दौरान पेरिस कभी ठंडा नहीं होता है, लेकिन नवंबर में कभी -कभी बर्फीला होता है।"
"अंगूर मेरा पसंदीदा फल है, लेकिन आड़ू उसका पसंदीदा है।"
"जुलाई के दौरान फ्रांस बर्फीला है, लेकिन यह जून में सुंदर है।"
"पेरिस फरवरी के दौरान कभी व्यस्त नहीं होता है, और अगस्त में कभी ठंडा नहीं होता है।"
"कैलिफोर्निया कभी -कभी अप्रैल के दौरान आराम कर रहा होता है, लेकिन यह कभी -कभी शरद ऋतु में सूखा होता है।"
"भारत फरवरी के दौरान आराम कर रहा है, लेकिन जून में कभी भी बरसात नहीं है।"
"कैलिफोर्निया आमतौर पर मई के दौरान मिर्च होता है, और यह कभी -कभी जुलाई में सूखा होता है।"
"चीन सितंबर के दौरान कभी व्यस्त नहीं होता है, लेकिन अक्टूबर में बारिश होती है।"
"न्यू जर्सी अगस्त के दौरान व्यस्त है, और यह दिसंबर में आराम कर रहा है।"
मुझे लगता है कि स्पेनिश और पुर्तगाली के बीच अनुवाद करना मुश्किल है।
"भारत अप्रैल के दौरान व्यस्त है, लेकिन यह कभी -कभी गिरने में सूखा होता है।"
"फ्रांस अगस्त के दौरान व्यस्त है, और यह फरवरी में अच्छा है।"
"उनका पसंदीदा फल नारंगी है, लेकिन मेरा पसंदीदा अंगूर है।"
"पेरिस कभी -कभी सर्दियों के दौरान बारिश होती है, लेकिन यह गिरने में मिर्च है।"
"भारत आमतौर पर जुलाई के दौरान सुंदर है, लेकिन शरद ऋतु में यह ठंडा है।"
"नाशपाती आपका कम से कम पसंद किया जाने वाला फल है, लेकिन नींबू मेरी सबसे कम पसंद है।"
"उसका सबसे कम पसंदीदा फल केला है, लेकिन आपका सबसे कम पसंदीदा अंगूर है।"
"फ्रांस कभी -कभी नवंबर के दौरान शांत होता है, लेकिन यह फरवरी में गर्म होता है।"
"न्यू जर्सी गर्मियों के दौरान बारिश होती है, लेकिन फरवरी में कभी -कभी हल्का होता है।"
"न्यू जर्सी शरद ऋतु के दौरान कभी बरसाती नहीं होती है, लेकिन मार्च में यह कभी भी सुखद नहीं होता है।"
"फ्रांस अक्टूबर के दौरान कभी बर्फीला नहीं होता है, और यह कभी -कभी अप्रैल में गीला होता है।"
"चूना उसका कम से कम पसंद किया गया फल है, लेकिन अंगूर हमारी सबसे कम पसंद है।"
वह जंग खाए नीले ट्रक चला रही है।
"पेरिस आमतौर पर जुलाई के दौरान सुंदर होता है, और यह कभी -कभी मई में मिर्च होता है।"
"फ्रांस शरद ऋतु के दौरान कभी व्यस्त नहीं है, लेकिन यह जनवरी में शांत है।"
"जनवरी के दौरान भारत कभी भी शांत नहीं होता है, लेकिन यह कभी -कभी दिसंबर में ठंड होता है।"
"न्यू जर्सी कभी -कभी अक्टूबर के दौरान गीली होती है, लेकिन यह गर्मियों में हल्का होता है।"
"फरवरी के दौरान चीन कभी भी मिर्च नहीं होता है, और यह कभी -कभी नवंबर में अद्भुत होता है।"
"संयुक्त राज्य अमेरिका गिरने के दौरान शांत है, लेकिन यह आमतौर पर मई में ठंड है।"
"कैलिफोर्निया गिरने के दौरान कभी व्यस्त नहीं होता है, लेकिन यह कभी -कभी अप्रैल में गीला होता है।"
"वे नाशपाती, अंगूर और केले को नापसंद करते हैं।"
उन्हें एक बड़ा ग्रीन ऑटोमोबाइल पसंद आया।
"न्यू जर्सी कभी -कभी सर्दियों के दौरान शांत होती है, और यह वसंत में कभी गर्म नहीं होता है।"
"न्यू जर्सी कभी -कभी मार्च के दौरान सुंदर होती है, लेकिन यह आमतौर पर गर्मियों में अद्भुत होती है।"
"वे आम, अंगूर और स्ट्रॉबेरी को नापसंद करते हैं।"
"संयुक्त राज्य अमेरिका नवंबर के दौरान कभी सुंदर नहीं है, और यह जुलाई में कभी शांत नहीं होता है।"
मुझे लगता है कि स्पेनिश और पुर्तगाली के बीच अनुवाद करना मजेदार है।
"केला हमारा पसंदीदा फल है, लेकिन नींबू आपका पसंदीदा है।"
"पेरिस कभी -कभी जनवरी के दौरान बर्फीला होता है, और यह आमतौर पर अप्रैल में गर्म होता है।"
"उनका सबसे कम पसंदीदा फल आम है, लेकिन उसका सबसे कम पसंदीदा आड़ू है।"
"सितंबर के दौरान न्यू जर्सी कभी ठंडी नहीं होती है, और यह जुलाई में कभी -कभी शांत होता है।"
"चीन आमतौर पर अक्टूबर के दौरान अद्भुत होता है, और यह आमतौर पर जून में सूखा होता है।"
उसने देखा कि जंग खाए सफेद कार।
"फ्रांस दिसंबर के दौरान अद्भुत है, लेकिन यह कभी -कभी सर्दियों में ठंड है।"
"संयुक्त राज्य अमेरिका नवंबर के दौरान आराम कर रहा है, और यह कभी -कभी सर्दियों में बर्फीला होता है।"
"आपका सबसे कम पसंदीदा फल केला है, लेकिन हमारा सबसे कम पसंदीदा स्ट्रॉबेरी है।"
उसने नया ग्रीन ट्रक देखा।
"स्ट्रॉबेरी आपका सबसे अधिक पसंद किया गया फल है, लेकिन नींबू उसका सबसे प्यार करता है।"
"न्यू जर्सी अक्टूबर के दौरान कभी व्यस्त नहीं है, लेकिन सितंबर में यह ठंडा है।"
"उन्हें आम, नीबू और अंगूर पसंद हैं।"
"नाशपाती उसका कम से कम पसंद किया गया फल है, लेकिन नारंगी उनकी कम से कम पसंद की गई है।"
"चीन आमतौर पर फरवरी के दौरान ठंड है, लेकिन गर्मियों में कभी बर्फीली नहीं होती है।"
"आपका सबसे प्रिय फल आड़ू है, लेकिन मेरा सबसे प्यार आम है।"
वह उस बड़े नीले ट्रक को पसंद करता है।
"न्यू जर्सी कभी -कभी फरवरी के दौरान आराम कर रही होती है, लेकिन यह अक्टूबर में कभी भी गीला नहीं होता है।"
"न्यू जर्सी मार्च के दौरान बर्फीली है, लेकिन यह कभी -कभी नवंबर में अद्भुत होता है।"
"भारत आमतौर पर जून के दौरान शांत होता है, लेकिन दिसंबर में यह कभी बर्फीला नहीं होता है।"
"जुलाई के दौरान संयुक्त राज्य अमेरिका ठंडा है, लेकिन मई में कभी -कभी बारिश होती है।"
वह छोटे सफेद ट्रक चला रही है।
मेरा सबसे प्यार करने वाला जानवर वह पक्षी था।
"मेरा कम से कम पसंद किया गया फल अंगूर है, लेकिन हमारी सबसे कम पसंद नारंगी है।"
"पेरिस मई के दौरान व्यस्त है, और यह आमतौर पर नवंबर में बारिश होती है।"
"अंगूर मेरा पसंदीदा फल है, लेकिन चूना हमारा पसंदीदा है।"
"पेरिस मार्च के दौरान सूखा है, और यह अगस्त में कभी भी शांत नहीं होता है।"
"चीन जनवरी के दौरान आराम कर रहा है, लेकिन यह कभी -कभी वसंत में सुंदर होता है।"
"भारत सर्दियों के दौरान सुखद है, लेकिन यह जुलाई में आमतौर पर शांत होता है।"
"पेरिस आमतौर पर मार्च के दौरान शांत होता है, लेकिन यह शरद ऋतु में कभी भी अद्भुत नहीं होता है।"
"कैलिफोर्निया आमतौर पर जून के दौरान गर्म होता है, और यह आमतौर पर जुलाई में सुखद होता है।"
"पेरिस कभी -कभी मई के दौरान गीला होता है, और यह वसंत में कभी भी सुखद नहीं होता है।"
"नींबू आपका सबसे प्रिय फल है, लेकिन आड़ू उसका सबसे अधिक प्यार करता है।"
"वह स्ट्रॉबेरी, नाशपाती और संतरे पसंद करता है।"
"नारंगी आपका कम से कम पसंद किया जाने वाला फल है, लेकिन अंगूर उनकी सबसे कम पसंद की गई है।"
"उनका पसंदीदा फल अंगूर है, लेकिन हमारा पसंदीदा नींबू है।"
"वह नींबू, आम और केले को नापसंद करती है।"
"भारत गिरने के दौरान कभी भी गीला नहीं होता है, लेकिन यह कभी -कभी जनवरी में गर्म होता है।"
"पेरिस कभी -कभी अगस्त के दौरान ठंड होता है, और यह वसंत में कभी भी गीला नहीं होता है।"
"मार्च के दौरान संयुक्त राज्य अमेरिका अद्भुत है, लेकिन यह जनवरी में कभी बर्फीला नहीं होता है।"
"चूना उसका कम से कम पसंद किया गया फल है, लेकिन स्ट्रॉबेरी मेरी कम से कम पसंद की गई है।"
वह उस बड़े नीले ऑटोमोबाइल को चलाती है।
"मुझे नीबू, सेब और आम पसंद हैं।"
"भारत अक्टूबर के दौरान सुखद है, और यह गर्मियों में कभी अच्छा नहीं होता है।"
"जनवरी के दौरान फ्रांस बरसात है, लेकिन यह गिरने में कभी भी अद्भुत नहीं है।"
"मई के दौरान फ्रांस कभी बरसात नहीं होता है, लेकिन यह अक्टूबर में अच्छा है।"
वह बिग ब्लू ऑटोमोबाइल चलाती है।
"जुलाई के दौरान फ्रांस सुखद है, लेकिन यह आमतौर पर दिसंबर में सूखा होता है।"
"वे नाशपाती, आम और अंगूर को नापसंद करते हैं।"
"भारत आमतौर पर वसंत के दौरान अद्भुत होता है, लेकिन यह आमतौर पर अगस्त में सूखा होता है।"
वह एक बड़ा हरा ट्रक चला रहा है।
"पेरिस कभी -कभी मार्च के दौरान ठंडा होता है, लेकिन यह आमतौर पर शरद ऋतु में बर्फीला होता है।"
"आपका पसंदीदा फल अंगूर है, लेकिन उनका पसंदीदा अंगूर है।"
"नारंगी मेरा सबसे प्रिय फल है, लेकिन अंगूर उनका सबसे प्यार करता है।"
"नवंबर के दौरान भारत कभी बर्फीला नहीं होता है, और यह आमतौर पर दिसंबर में व्यस्त होता है।"
"नवंबर के दौरान कैलिफोर्निया आमतौर पर अद्भुत होता है, लेकिन यह कभी -कभी मई में ठंडा होता है।"
"भारत नवंबर के दौरान सुंदर है, और यह आमतौर पर शरद ऋतु में ठंड है।"
"नारंगी उनका पसंदीदा फल है, लेकिन आम उनका पसंदीदा है।"
"आप आम, नींबू और अंगूर को नापसंद करते हैं।"
"अगस्त के दौरान कैलिफोर्निया कभी भी मिर्च नहीं होता है, और यह आमतौर पर शरद ऋतु में अच्छा होता है।"
संयुक्त राज्य अमेरिका कहां है?
"न्यू जर्सी वसंत के दौरान सूखी है, और यह मार्च में कभी भी आराम नहीं करता है।"
"पेरिस जून के दौरान कभी भी आराम नहीं कर रहा है, लेकिन यह कभी -कभी अगस्त में अच्छा होता है।"
"चीन आमतौर पर शरद ऋतु के दौरान अच्छा होता है, लेकिन यह आमतौर पर अक्टूबर में गर्म होता है।"
कुत्ता उसका पसंदीदा जानवर है।
"पेरिस कभी -कभी वसंत के दौरान ठंड होता है, और यह गिरने में गर्म होता है।"
"कैलिफोर्निया कभी -कभी सितंबर के दौरान बारिश होती है, लेकिन यह मई में अद्भुत है।"
"वे नींबू, सेब और अंगूर को नापसंद करते हैं।"
"संयुक्त राज्य अमेरिका आमतौर पर मई के दौरान सुखद होता है, और गर्मियों में बारिश होती है।"
"संयुक्त राज्य अमेरिका वसंत के दौरान आराम कर रहा है, और यह सितंबर में अच्छा है।"
"केला उनका कम से कम पसंद किया जाने वाला फल है, लेकिन आड़ू मेरी सबसे कम पसंद है।"
"संयुक्त राज्य अमेरिका आमतौर पर वसंत के दौरान बारिश होती है, लेकिन यह कभी -कभी गर्मियों में सुंदर होती है।"
"चीन आमतौर पर शरद ऋतु के दौरान गर्म होता है, और यह कभी -कभी गिरावट में सुखद होता है।"
"न्यू जर्सी आमतौर पर नवंबर के दौरान आराम कर रही है, और यह आमतौर पर अक्टूबर में हल्का होता है।"
"वे केले, आम और नीबू को नापसंद करते हैं।"
उसने नया सफेद ट्रक देखा।
"नारंगी उनका कम से कम पसंद किया जाने वाला फल है, लेकिन स्ट्रॉबेरी उनकी सबसे कम पसंद की गई है।"
"वह केले, अंगूर और सेब पसंद करता है।"
उसने थोड़ा नीला ट्रक नापसंद किया।
"वह स्ट्रॉबेरी, सेब और आम को नापसंद करती है।"
"वह नींबू, संतरे और आम को नापसंद करती है।"
"उनका सबसे अधिक पसंद किया गया फल अंगूर है, लेकिन आपका सबसे अधिक प्यार अंगूर है।"
"भारत आमतौर पर वसंत के दौरान ठंडा होता है, और यह आमतौर पर अगस्त में सूखा होता है।"
"उसे सेब, अंगूर और केले पसंद हैं।"
"गिरने के दौरान चीन बर्फीली है, लेकिन सितंबर में यह ठंडा है।"
"भारत कभी -कभी शरद ऋतु के दौरान हल्का होता है, और यह आमतौर पर सितंबर में गीला होता है।"
"दिसंबर के दौरान चीन कभी -कभी बर्फीला होता है, और यह नवंबर में मिर्च है।"
वे न्यू जर्सी क्यों जा रहे हैं?
"फ्रांस आमतौर पर अगस्त के दौरान मिर्च होता है, लेकिन यह जून में कभी शांत नहीं होता है।"
"नींबू उसका सबसे अधिक प्यार करने वाला फल है, लेकिन चूना आपका सबसे अधिक प्यार करता है।"
"दिसंबर के दौरान संयुक्त राज्य अमेरिका अच्छा है, और यह आमतौर पर शरद ऋतु में बारिश होती है।"
"फ्रांस दिसंबर के दौरान कभी व्यस्त नहीं होता है, और यह गर्मियों में कभी भी गर्म नहीं होता है।"
"फ्रांस कभी -कभी गर्मियों के दौरान बर्फीला होता है, और यह कभी -कभी नवंबर में आराम करता है।"
"पेरिस गिरने के दौरान कभी भी गीला नहीं होता है, और यह कभी -कभी गर्मियों में अच्छा होता है।"
"कैलिफोर्निया आमतौर पर फरवरी के दौरान सूखा होता है, और यह कभी -कभी शरद ऋतु में मिर्च होता है।"
"पेरिस मई के दौरान अद्भुत है, और यह वसंत में सूखा है।"
"चीन गिरने के दौरान अच्छा है, लेकिन यह सितंबर में कभी भी सूखा नहीं है।"
"चीन कभी -कभी सर्दियों के दौरान अद्भुत होता है, और यह अक्टूबर में आराम कर रहा है।"
"वह नाशपाती, अंगूर और सेब पसंद करती है।"
"कैलिफोर्निया गर्मियों के दौरान सुखद है, और यह आमतौर पर जनवरी में अच्छा होता है।"
"फरवरी के दौरान फ्रांस शांत है, लेकिन यह कभी -कभी सितंबर में सुंदर होता है।"
"वह नाशपाती, स्ट्रॉबेरी और आम पसंद करता है।"
वह जंग खाए सफेद ऑटोमोबाइल चलाता है।
"भारत कभी -कभी अगस्त के दौरान हल्का होता है, और यह आमतौर पर अप्रैल में बर्फीला होता है।"
"भारत आमतौर पर दिसंबर के दौरान गर्म होता है, लेकिन यह कभी -कभी फरवरी में अद्भुत होता है।"
"आम मेरा कम से कम पसंद किया गया फल है, लेकिन नाशपाती उसकी सबसे कम पसंद की गई है।"
"सितंबर के दौरान फ्रांस ठंडा है, लेकिन यह जुलाई में गर्म है।"
"न्यू जर्सी अक्टूबर के दौरान गर्म है, लेकिन यह शरद ऋतु में कभी गर्म नहीं है।"
"अक्टूबर के दौरान चीन कभी भी आराम नहीं कर रहा है, लेकिन यह जुलाई में आमतौर पर हल्का होता है।"
"भारत आमतौर पर नवंबर के दौरान गर्म होता है, और यह जून में अच्छा है।"
"फ्रांस आमतौर पर शरद ऋतु के दौरान बर्फीला होता है, लेकिन यह गर्मियों में कभी भी मिर्च नहीं होता है।"
"हमारा सबसे कम पसंदीदा फल स्ट्रॉबेरी है, लेकिन उनका सबसे कम पसंदीदा केला है।"
वह अगले अप्रैल में पेरिस जा सकती है।
वह उस जंग खाए हुए पीले ट्रक को चलाती है।
"चीन गर्मियों के दौरान आराम कर रहा है, और यह फरवरी में कभी भी शांत नहीं होता है।"
"पेरिस जनवरी के दौरान सुखद है, और यह कभी -कभी वसंत में ठंडा होता है।"
"वह नीबू, स्ट्रॉबेरी और ग्रेपफ्रूट को नापसंद करती है।"
"कैलिफोर्निया अक्टूबर के दौरान कभी भी हल्का नहीं होता है, और फरवरी में बारिश होती है।"
"वसंत के दौरान चीन कभी भी हल्का नहीं होता है, और यह सर्दियों में गीला होता है।"
"आम उसका कम से कम पसंद किया गया फल है, लेकिन नारंगी उसकी सबसे कम पसंद है।"
"पेरिस कभी -कभी गर्मियों के दौरान गर्म होता है, लेकिन यह जनवरी में कभी भी हल्का नहीं होता है।"
"वह आम, स्ट्रॉबेरी और अंगूर को नापसंद करता है।"
"उनका सबसे कम पसंदीदा फल अंगूर है, लेकिन हमारा सबसे कम पसंदीदा नाशपाती है।"
"अप्रैल के दौरान कैलिफोर्निया कभी बर्फीला नहीं होता है, और यह आमतौर पर जुलाई में व्यस्त होता है।"
"जुलाई के दौरान संयुक्त राज्य अमेरिका ठंडा है, लेकिन यह कभी -कभी वसंत में सुखद होता है।"
"चीन जुलाई के दौरान गीला है, और यह अक्टूबर में शांत है।"
"पेरिस सर्दियों के दौरान सुंदर है, लेकिन यह नवंबर में कभी व्यस्त नहीं होता है।"
"संयुक्त राज्य अमेरिका कभी -कभी वसंत के दौरान अद्भुत होता है, और यह अक्टूबर में कभी भी शांत नहीं होता है।"
"फरवरी के दौरान संयुक्त राज्य अमेरिका कभी बरसाती नहीं है, लेकिन यह वसंत में सुखद है।"